timestamp,prolific_id,lesson,1,2,3,4,3r,4r,5,6,7,8,9,10,11,12,13,13r,14,15,15r,16,17,18,18r,19,20,21,22,23,24,25,enjoyment,competence,effort,value,open_feedback1,open_feedback2
6/5/2025 21:40:25,5640c3ff074be600115e9e40,2,5,5,2,1,5,6,5,5,4,7,4,7,7,6,1,6,6,2,5,4,5,3,4,5,4,4,5,4,4,4,5.00,6.17,4.80,4.29,"I enjoyed talking to the chatbot, though it wasn't the cleverest I've ever spoken to. It seemed to change its position, and kept redirecting me away from the page.",This was more enjoyable - but 3 minutes is too long a timer for the reading tasks.
6/5/2025 22:43:35,56f52b95298124000a8ef248,2,7,7,1,1,6,6,7,7,7,7,7,7,7,7,1,6,7,1,6,7,7,1,6,7,7,7,7,7,6,7,6.71,6.83,6.60,6.86,yes the need to conserve environment,none
6/5/2025 23:47:38,5b53e95f4bbe600001465c18,2,6,7,1,1,6,6,7,7,6,7,6,6,7,6,1,6,7,1,6,7,7,1,6,7,7,7,7,7,7,6,6.43,6.33,6.60,6.86,I really enjoyed chatting with the chatbot about this topic. I thought the replies were informative and helpful.,N/A
6/3/2025 20:58:37,5f9ac9de923dca223848cf19,2,5,5,3,1,4,6,6,6,4,5,4,5,5,5,1,6,6,1,6,6,6,4,3,5,6,6,5,5,5,5,5.14,5.00,5.40,5.29,I understand the arguments here but would disagree with them. I believe it is always important to protect eco-systems and the environment.,No issues
6/5/2025 22:46:03,606721b3686a9cc96b3a93f2,2,6,6,2,1,5,6,6,6,6,6,6,7,7,7,1,6,7,1,6,7,7,1,6,7,7,7,7,7,7,7,5.86,6.50,6.60,7.00,I liked the system and I thought it was easy. I felt that I disagreed with the argument against the statement as well.,no
6/5/2025 21:39:56,61071fd777b179d8bc84ed3f,2,4,4,5,1,2,6,3,3,3,4,6,7,7,7,1,6,7,1,6,7,7,1,6,3,7,7,7,7,7,7,3.57,6.17,6.60,6.43,"it was fine, not as fun as the previous",no
6/5/2025 22:52:49,6128affc7322ddbb3e16dcb3,2,1,1,7,5,0,2,1,1,1,4,4,6,7,6,1,6,5,1,6,6,5,2,5,2,5,5,3,2,1,1,1.00,5.50,5.40,2.71,It was quite generic and boring,NA
6/6/2025 0:36:02,63d79fcd741f9cfb2f87152f,2,4,3,2,2,5,5,3,3,2,5,4,2,5,4,2,5,6,1,6,6,6,1,6,4,2,2,4,4,4,5,3.57,4.17,6.00,3.57,The system did not allow a balanced comments for both sides the topic by omitting discussions in favour of the argument and only publishing the counter-argument.,None
6/6/2025 6:57:25,6522a42f39b5bd8f96735aa9,2,6,6,1,1,6,6,6,6,5,6,6,7,7,7,1,6,5,1,6,5,6,1,6,6,6,6,6,5,6,5,5.86,6.50,5.60,5.71,,
6/4/2025 18:23:37,6527fa167b587d5d0588ee51,2,7,6,1,1,6,6,6,6,7,7,6,6,7,6,1,6,7,1,6,7,7,1,6,6,6,6,6,6,6,6,6.29,6.33,6.60,6.00,All good.,The part about causing limited access to land and resources and about how nature can recover itself made me think a bit differently.
6/5/2025 23:01:25,65537e14439274fe5036b4d2,2,4,4,4,4,3,3,4,4,4,4,4,5,4,4,2,5,4,3,4,4,4,4,3,4,4,4,4,3,4,4,3.71,4.33,3.80,3.86,Researching yourself is time consuming in a way that talking with the AI wasnt.  It is fine but feel out dated,no
6/3/2025 20:36:45,663127d07fb81f5532bcfdad,2,6,5,2,2,5,5,5,5,5,5,4,5,5,5,1,6,5,2,5,5,5,5,2,5,5,5,7,5,5,5,5.14,5.00,4.40,5.29,NO,NO
6/4/2025 3:00:23,6658b838fa019e8f175c7bf4,2,5,5,4,3,3,4,4,4,2,4,3,4,3,3,4,3,5,3,4,5,4,3,4,5,6,6,5,6,5,5,3.86,3.33,4.40,5.43,I think the system was fine but it seemed to have reset every time the chat bot produced an argument. This meant I could have a basically un-ending argument.,Nothing further.
6/4/2025 18:19:46,66620b15d94e5cb49f62db0b,2,7,7,7,1,0,6,7,7,7,7,7,7,7,7,7,0,7,7,0,7,7,7,0,7,7,7,7,7,7,7,5.86,5.83,4.20,7.00,great,nil
6/5/2025 23:33:30,669fb915167d6c4b8e71dbfb,2,7,7,1,1,6,6,7,7,7,7,7,7,7,7,1,6,7,1,6,7,7,1,6,7,4,3,7,4,7,7,6.71,6.83,6.60,5.57,,
6/5/2025 22:01:18,66abb1aea71eb1802eac060f,2,4,4,4,3,3,4,4,4,2,2,2,3,3,2,6,1,5,3,4,4,5,3,4,5,6,6,5,6,6,6,3.57,2.17,4.40,5.71,,
6/4/2025 2:31:07,66b91ee649636fce844ef133,2,4,4,3,3,4,4,4,4,4,5,4,5,5,5,2,5,7,1,6,7,7,1,6,5,5,5,4,5,5,5,4.00,4.83,6.60,4.86,It was okay.  The information didn't resonate with me as much as the others have so far.  It was still informative though.,no
6/5/2025 22:08:05,66fc401d58e0c0bccac3ad1c,2,6,6,1,1,6,6,6,7,7,7,7,7,7,7,1,6,7,1,6,7,7,1,6,7,7,7,7,7,7,7,6.29,6.83,6.60,7.00,"I think it was very informative and easy to complete.




",No
6/4/2025 3:32:03,671139a20b977d78ec2ac1e0,2,5,6,1,1,6,6,7,6,6,5,4,5,5,3,3,4,5,1,6,7,6,7,0,5,7,7,7,7,6,7,6.00,4.33,4.80,6.57,I used to think protecting nature was the way out little did I think of the economy or it effect.,no
6/4/2025 18:00:37,674d7a89f564e8bbe0a7af1c,2,7,3,1,1,6,6,7,6,6,7,6,7,7,6,2,5,6,2,5,6,7,1,6,6,6,5,6,5,6,7,5.86,6.33,6.00,5.86,no,no
6/5/2025 21:31:09,67a7cee40b175c5c1991bbb1,2,7,6,1,1,6,6,7,6,6,5,7,5,7,6,1,6,7,1,6,7,7,1,6,7,7,5,7,7,7,7,6.29,6.00,6.60,6.71,"The system was clear and easy to use. It presented both sides of the issue in a balanced way, which helped me think more critically about the topic.",
6/4/2025 2:33:41,67a8dd65c1561d80783d7931,2,6,6,2,2,5,5,6,6,6,6,6,6,6,6,2,5,6,2,5,6,6,2,5,6,6,6,6,6,6,6,5.71,5.83,5.60,6.00,Everything went well,No
6/4/2025 18:22:47,67d390ad6655208f29df0d42,2,6,6,2,2,5,5,5,6,6,5,5,6,5,3,4,3,5,6,1,5,6,2,5,5,5,5,4,6,6,6,5.57,4.50,4.40,5.29,no,no
6/4/2025 18:20:30,6825b73a1e65510b29430c2b,2,7,7,1,1,6,6,7,7,7,7,7,7,7,7,1,6,7,1,6,7,7,1,6,7,7,7,7,7,7,7,6.71,6.83,6.60,7.00,It's an interesting topic to talk about.,
6/4/2025 18:11:45,68290276545487fcb5250cd4,2,7,6,1,1,6,6,7,6,5,6,6,7,7,6,1,6,6,1,6,6,6,1,6,7,7,7,7,7,7,7,6.14,6.33,6.00,7.00,The chatbot made the Lesson 2 system incredibly interesting. There was a genuine back-and-forth feel to the argument with Forty.,The chatbot's interactive feature is a fantastic idea.
6/5/2025 21:52:53,682cd328bd53185cbbb59840,2,6,7,2,2,5,5,7,7,6,7,7,7,7,7,1,6,7,1,6,7,7,1,6,7,7,7,7,7,6,7,6.14,6.83,6.60,6.86,The system was easy to use.,
6/3/2025 21:17:02,682ce55890f2f8f19e33469a,2,7,7,1,1,6,6,7,7,7,7,7,7,7,7,1,6,7,1,6,7,7,1,6,7,7,7,7,7,7,7,6.71,6.83,6.60,7.00,"It accurately summarized the critical arguments against environmental protection, which is exactly what I needed.",N/A
6/5/2025 21:39:57,682f47a03095562bd581bd06,2,6,7,2,2,5,5,6,7,6,6,7,7,7,7,1,6,7,2,5,6,6,1,6,6,6,7,7,6,7,7,6.00,6.67,6.00,6.57,No,No
6/5/2025 21:59:32,682f47a03095562bd581bd06,2,6,6,2,2,5,5,7,7,6,5,7,6,7,6,3,4,7,1,6,7,6,2,5,6,6,7,6,6,7,7,6.00,5.83,6.20,6.43,No,No
6/5/2025 22:50:30,682f83449466b61910a2684d,2,7,7,7,1,0,6,7,7,7,7,7,7,7,7,1,6,7,1,6,7,7,7,0,7,7,7,7,7,7,7,5.86,6.83,5.40,7.00,It really challenged my previous understanding.,Thank you for the notable and effective experience.
6/18/2025 15:09:48,67d339b88129b9e57d6018f6,2,7,7,1,1,6,6,7,7,7,7,7,7,7,7,1,6,7,1,6,7,7,1,6,7,7,7,7,7,7,7,6.71,6.83,6.60,7.00,None,none
6/18/2025 15:28:09,682e4e90fa985e55c92c8c2c,2,7,7,1,1,6,6,7,7,7,7,7,7,7,6,1,6,7,1,6,7,7,1,6,7,7,7,7,7,7,7,6.71,6.67,6.60,7.00,The information was educative and of value,Thank you
6/18/2025 15:42:46,66d6376eb15526056851d558,2,6,6,2,2,5,5,6,5,4,6,5,6,7,6,1,6,5,2,5,6,6,2,5,6,6,6,6,6,6,6,5.29,6.00,5.40,6.00,"I only had to read an article, which didn't require a lot of effort! However I did give it my attention, and thought about how I felt about it as I was reading it. I didn't agree with all of the points and think there's a stronger argument for the opposing side that we weren't shown.",
6/18/2025 15:43:22,6830835595aaec2b12d334db,2,7,7,1,1,6,6,7,7,6,7,7,7,7,7,1,6,7,1,6,7,7,1,6,7,7,7,7,7,7,7,6.57,6.83,6.60,7.00,It all went well. No problems encountered.,The study was very informative.
6/18/2025 15:56:16,6827250f5a993078e5866e46,2,7,7,1,1,6,6,7,7,7,7,7,7,7,7,1,6,7,1,6,7,7,1,6,7,7,7,7,7,7,7,6.71,6.83,6.60,7.00,It was fun engaging Forty during this task.,
6/18/2025 16:01:50,6838e28aea059b7c0f7e2856,1,7,7,1,1,6,6,7,7,7,7,7,7,7,7,1,6,7,1,6,7,7,1,6,7,7,7,7,7,7,7,6.71,6.83,6.60,7.00,"The system itself is built to be dynamic and conversational quick on its feet, but also grounded in evidence. What stood out in our exchange was your ability to challenge assumptions while still being open to counterpoints",I enjoyed doing it
6/18/2025 16:10:12,672e22142aab65aaeec4135f,2,7,7,2,1,5,6,6,6,7,7,6,6,6,6,1,6,6,1,6,6,7,1,6,7,7,7,7,7,6,7,6.29,6.17,6.20,6.86,,
6/18/2025 16:25:29,63d7c195a5fb49d5a97bf7d5,2,4,4,4,2,3,5,5,4,2,4,4,4,5,4,2,5,5,2,5,5,5,2,5,5,5,5,4,5,5,6,3.86,4.33,5.00,5.00,Everything was good and clear to understand.,No
6/18/2025 16:27:07,67dd4262a42caa45036e811a,2,7,7,1,1,6,6,6,6,5,7,7,7,7,7,1,6,7,1,6,7,7,1,6,7,7,7,7,7,7,7,6.14,6.83,6.60,7.00,It was a really smooth chat platform.,NIL
6/18/2025 16:38:30,67d26cafd23cded4011396a0,2,6,6,3,5,4,2,6,6,5,6,6,5,5,5,6,1,5,2,5,6,5,6,1,5,4,4,6,4,5,6,5.00,4.67,4.40,4.86,It was easy to use and made me think. I liked how it asked good questions.,Nice
6/18/2025 16:54:42,663abe859bcc3ea8ef9bbdf3,2,7,7,1,1,6,6,7,7,6,6,5,7,7,6,1,6,7,7,0,7,7,7,0,7,7,7,7,7,7,7,6.57,6.17,4.20,7.00,"yes,  I had feeling towards them wanting to regulate which community benefit versus which do not.",none
6/18/2025 16:57:35,67e6b4c78b8b457f3bc6a866,2,7,7,1,1,6,6,7,6,7,6,6,7,7,7,1,6,7,1,6,7,7,1,6,7,7,7,7,7,7,7,6.57,6.50,6.60,7.00,it is a positive system that is used to combat misinformation,it a positive system
6/18/2025 17:11:28,62ebd3cd785939570957fe59,2,7,7,1,1,6,6,7,7,6,6,6,7,7,7,1,6,7,1,6,7,7,1,6,6,6,6,7,6,6,6,6.57,6.50,6.60,6.14,,
6/18/2025 17:16:52,66c23cc4a330eb2fec13fc2a,2,6,6,2,1,5,6,7,6,5,5,6,6,7,5,1,6,7,2,5,6,6,1,6,4,6,6,4,5,6,6,5.86,5.83,6.00,5.29,"it was easy to use and made me think more about stuff i didn’t really consider before. reading both sides of the argument helped me see why some ppl think binge drinking isn’t a big deal, but also why it still has risks. overall felt kinda eye opening",no
6/18/2025 17:39:37,67e41e22f1276be3fc922e8e,2,7,7,1,1,6,6,6,6,6,6,4,6,6,6,1,6,5,1,6,7,6,1,6,6,5,5,7,6,6,7,6.29,5.67,6.00,6.00,The system is effective,study was fun
6/18/2025 18:31:37,669284eabea5b8c9655927da,2,7,7,1,1,6,6,7,7,7,7,7,7,6,5,1,6,6,1,6,7,7,1,6,7,6,7,7,6,7,7,6.71,6.33,6.40,6.71,I learned a lot. Protecting the environment can be stressed enough. I grew up in michigan around the great lakes they preach to always take care of nature all the time.,
6/19/2025 15:54:15,6123c6bc3055eec90f7dbabb,2,3,3,5,4,2,3,4,3,2,4,4,5,5,4,3,4,4,5,2,3,4,4,3,5,6,6,6,5,6,6,2.86,4.33,3.20,5.71,i had no problems with the system and thought it was easy to type my response.,no
6/19/2025 15:54:20,6830a65545c6acade46a1d0a,2,5,5,6,2,1,5,5,6,6,6,6,6,6,6,6,1,6,2,5,5,5,5,2,5,5,6,6,5,5,5,4.71,5.17,4.60,5.29,it was educating,interesting
6/19/2025 15:56:07,664070b4d08d92e1c904a1e8,2,4,3,6,3,1,4,4,3,1,7,5,6,7,7,1,6,7,7,0,7,6,2,5,5,6,6,4,6,5,5,2.86,6.33,5.00,5.29,I thought this system was easy to use. I am now used to this system and able to use how I feel and apply it to the scales very effectively.,No further comments.
6/19/2025 16:11:13,67e6bca1b98c613179d9c73e,2,7,7,1,1,6,6,6,7,6,7,7,6,6,7,1,6,7,1,6,7,7,1,6,7,7,6,7,6,7,7,6.43,6.50,6.60,6.71,I learnt and gave my idea on environmental protection service.,the study has been enjoyable and of important fun.
6/19/2025 16:12:58,67eee9e1498801a1f32dc1dd,2,7,7,1,1,6,6,7,7,6,6,6,6,6,6,1,6,7,1,6,7,6,1,6,7,7,7,7,7,7,7,6.57,6.00,6.40,7.00,The system was easy tpo navigate,None
6/19/2025 16:19:00,60643e9b1b2e851ff9238862,2,5,3,5,5,2,2,3,3,3,4,5,5,4,3,1,6,3,5,2,3,5,6,1,5,6,6,4,6,5,6,3.00,4.50,2.80,5.43,This was simply reading an article that highlighted some of the drawbacks and structural inequities associated with traditional ecological protection policies. It was not intellectually challenging or particularly taxing.,No additional comments.
6/19/2025 16:24:21,67edb9ee77a87b53846a8aa8,2,7,7,1,1,6,6,7,7,6,7,7,7,7,7,2,5,7,1,6,5,7,1,6,7,7,7,7,7,7,7,6.57,6.67,6.20,7.00,It was exceptional,N/A
6/19/2025 16:24:56,67d7598ad9aacf9073ca130d,2,5,5,1,1,6,6,7,5,5,5,3,6,5,5,1,6,6,1,6,6,5,1,6,7,6,6,7,6,6,6,5.57,5.00,5.80,6.29,,
6/19/2025 16:25:17,678f0bb28ec3307e4f1afb78,2,6,6,2,2,5,5,6,6,5,6,6,6,6,6,6,1,6,2,5,6,6,2,5,6,6,6,6,6,6,6,5.57,5.17,5.60,6.00,no,no
6/19/2025 16:26:00,683cccb8b33df566dc27c902,2,7,7,3,1,4,6,1,5,5,5,6,3,3,4,1,6,5,1,6,7,6,1,6,5,5,6,5,4,5,6,5.00,4.50,6.00,5.14,,
6/19/2025 16:55:00,671d553e0d035028da7d29a1,2,7,7,1,1,6,6,7,7,6,7,7,7,7,7,1,6,2,5,2,2,7,6,1,7,7,7,7,7,7,7,6.57,6.83,2.80,7.00,I don't like that step 2 was skipped - it made me feel like I did something wrong or I was missing out on an important aspect of the task.,
6/19/2025 17:14:40,6746c680672c3ab45f25efb7,2,7,6,1,1,6,6,7,6,3,7,7,7,6,7,1,6,7,1,6,7,7,1,6,7,6,7,7,7,7,7,5.86,6.67,6.60,6.86,I had fun talking to the AI and although it asked good questions I still didn't agree with the argument. I felt passionate about my own stance.,none.
6/19/2025 17:22:48,67529d0aecb73bfe140d521f,2,5,5,2,2,5,5,5,5,4,5,5,5,5,5,2,5,6,2,5,5,5,2,5,5,5,5,5,5,5,5,4.86,5.00,5.20,5.00,I found it easy and swift to navigate through it,
6/19/2025 17:24:05,5c5cad3e4ee81200018eafe2,2,7,5,1,1,6,6,7,6,6,5,4,5,6,5,1,6,7,1,6,7,7,1,6,7,7,7,7,7,7,7,6.14,5.17,6.60,7.00,Very interesting to read the other viewpoint but it hasn't convinced me fully by that argument.,
6/19/2025 17:45:25,67cb38c1c0710f1202158007,2,7,7,1,1,6,6,7,7,7,7,7,7,7,7,1,6,7,1,6,7,7,1,6,7,7,7,7,7,7,7,6.71,6.83,6.60,7.00,The system was easy to follow and thought-provoking. It encouraged me to think more critically about environmental topics and introduced new viewpoints in a way that felt both supportive and stimulating.,"I appreciate you creating this experience. It was thought-provoking and educational. If at all possible, include a succinct synopsis at the conclusion to help bring everything together."
6/18/2025 15:30:19,682669894da614d118d7a68e,2,5,6,4,5,3,2,3,4,3,4,5,5,6,5,5,2,6,6,1,6,5,1,6,6,6,3,5,5,3,6,3.71,4.50,4.80,4.86,I enjoyed the exercise,
6/4/2025 17:44:33,674d7a89f564e8bbe0a7af1c,2,7,6,1,1,6,6,7,6,5,7,6,7,7,6,2,5,7,1,6,6,7,1,6,7,2,1,6,6,7,6,6.14,6.33,6.40,5.00,no,no
6/5/2025 21:30:59,682f47a03095562bd581bd06,2,7,6,2,2,5,5,7,6,7,6,6,6,6,7,6,1,7,3,4,7,6,2,5,6,2,6,6,6,5,6,6.14,5.33,5.80,5.29,No,No
6/5/2025 21:13:30,5640c3ff074be600115e9e40,0,2,2,6,4,1,3,3,2,2,6,4,4,6,4,2,5,4,4,3,4,6,5,2,4,4,4,4,4,4,4,2.14,4.83,3.80,4.00,No notable feelings,"It said lesson one, but was prefilled (said don't edit) as lesson 0"
6/5/2025 21:23:20,5640c3ff074be600115e9e40,1,2,2,5,4,2,3,2,2,2,7,4,6,6,6,1,6,2,4,3,4,5,5,2,4,5,5,4,2,4,4,2.14,5.83,3.20,4.00,"I'm not sure what 'system' you're referring to. The rating system? It seems pretty standard to me, so no notable experiences or feelings.",
6/5/2025 21:56:31,5640c3ff074be600115e9e40,3,2,2,5,4,2,3,2,2,2,4,4,4,4,4,3,4,5,4,3,3,3,4,3,4,4,4,3,4,3,4,2.14,4.00,3.40,3.71,"I like doing research on the internet, but this felt like a bit of a chore.","The argument you presented didn't really fit with the premise. Initially it was about brushing at least once a day, then the written argument was about brushing too close to eating, and brushing many times a day,"
6/5/2025 22:16:12,56f52b95298124000a8ef248,0,7,7,1,1,6,6,7,6,5,7,6,7,7,7,1,6,7,1,6,7,6,1,6,7,7,7,7,7,7,7,6.29,6.67,6.40,7.00,"yes , was much concerned on how excercise  helps",none
6/5/2025 22:20:04,56f52b95298124000a8ef248,0,7,7,1,1,6,6,7,7,7,7,7,7,7,7,1,6,7,1,6,7,7,1,6,7,7,7,7,7,7,7,6.71,6.83,6.60,7.00,yes,none
6/5/2025 22:36:06,56f52b95298124000a8ef248,1,7,7,1,1,6,6,7,7,7,7,7,7,7,7,1,6,7,1,6,7,7,1,6,7,7,7,7,7,7,7,6.71,6.83,6.60,7.00,"yes, educational one",none
6/5/2025 23:01:05,56f52b95298124000a8ef248,3,7,7,1,1,6,6,7,7,7,7,7,7,7,7,1,6,7,1,6,7,7,1,6,7,7,7,7,7,7,7,6.71,6.83,6.60,7.00,"yes, educational",none
6/5/2025 23:00:38,5b53e95f4bbe600001465c18,0,1,1,5,1,2,6,2,2,2,6,7,7,7,7,1,6,7,1,6,7,7,1,6,6,6,6,6,5,4,4,2.29,6.67,6.60,5.29,I did not experience any emotions while doing this portion.,None
6/5/2025 23:19:01,5b53e95f4bbe600001465c18,1,4,2,4,1,3,6,2,3,1,7,7,7,7,7,1,6,7,1,6,7,7,1,6,6,6,7,7,7,7,6,3.00,6.83,6.60,6.57,I thought it was interesting to read the 2 different passages because they offered opposing arguments.,N/A
6/6/2025 0:07:42,5b53e95f4bbe600001465c18,3,7,7,1,1,6,6,7,7,6,7,6,7,7,7,1,6,7,1,6,7,7,1,6,7,7,7,7,7,7,7,6.57,6.67,6.60,7.00,It was difficult to leave the page to find sources because the timer is designed to reset every time I left the page.,N/A
6/3/2025 20:29:39,5f9ac9de923dca223848cf19,0,5,4,3,1,4,6,5,5,4,4,4,5,5,5,2,5,6,1,6,7,7,5,2,5,6,6,6,6,6,6,4.71,4.67,5.60,5.86,I found the information interesting.,No issues
6/3/2025 20:51:25,5f9ac9de923dca223848cf19,1,5,5,2,1,5,6,5,5,4,5,4,5,5,5,2,5,6,1,6,6,7,4,3,4,5,5,4,5,4,5,5.00,4.83,5.60,4.57,The research I did was interesting. I feel I already knew a lot of the information I read but it was still an interesting topic.,No issues
6/3/2025 21:26:56,5f9ac9de923dca223848cf19,3,6,6,1,1,6,6,6,6,5,5,4,6,6,5,1,6,6,1,6,6,7,3,4,5,6,6,5,6,5,6,5.86,5.33,5.80,5.57,This was an interesting task which I enjoyed. I feel everyone should brush their teeth at least once a day.,No issues
6/5/2025 21:33:08,606721b3686a9cc96b3a93f2,0,5,5,3,2,4,5,5,5,3,6,6,6,7,6,2,5,7,1,6,7,7,1,6,6,7,7,7,7,6,7,4.57,6.00,6.60,6.71,I thought it was really easy to use and understand. I like the topic but I thought the second argument did not directly address the statement,no
6/5/2025 22:22:07,606721b3686a9cc96b3a93f2,1,5,5,2,1,5,6,6,3,3,6,3,2,2,5,6,1,7,1,6,7,7,1,6,6,7,7,7,7,6,7,4.71,3.17,6.60,6.71,I think the system was easy to use. I was frustrated because I couldn't find the right type of research needed to answer the question properly.,no
6/5/2025 23:07:34,606721b3686a9cc96b3a93f2,3,6,6,1,1,6,6,6,6,5,5,6,7,7,6,2,5,7,1,6,7,7,1,6,6,7,7,7,7,7,7,5.86,6.00,6.60,6.86,I think the system was still easy to use and the chatbot had good responses.,no
6/5/2025 21:15:42,61071fd777b179d8bc84ed3f,0,5,5,3,1,4,6,5,5,4,5,5,5,4,5,4,3,7,1,6,7,7,1,6,5,7,7,7,7,7,5,4.86,4.50,6.60,6.43,no thought it was really smooth,none
6/5/2025 21:31:23,61071fd777b179d8bc84ed3f,1,7,7,1,1,6,6,7,7,7,7,6,7,7,7,1,6,7,1,6,7,7,1,6,7,7,7,7,7,7,7,6.71,6.67,6.60,7.00,i thought it was great. really good.,no
6/5/2025 21:44:48,61071fd777b179d8bc84ed3f,3,5,4,5,1,2,6,4,1,1,7,5,7,7,7,1,6,7,1,6,7,7,1,6,5,5,5,7,5,5,5,3.29,6.50,6.60,5.29,wasnt really a system but overall easy to use,no
6/5/2025 22:27:54,6128affc7322ddbb3e16dcb3,0,5,6,4,2,3,5,3,5,4,6,5,5,7,6,1,6,7,1,6,7,7,1,6,4,6,6,5,4,5,4,4.43,5.83,6.60,4.86,The system was simple and easy to use,NA
6/5/2025 22:44:07,6128affc7322ddbb3e16dcb3,1,1,1,7,4,0,3,1,1,1,4,3,5,6,5,1,6,6,1,6,6,6,1,6,1,3,2,2,2,2,1,1.14,4.83,6.00,1.86,It was very frustrating because after every message it took me back to the top of the conversation and the chatbot would not move on to the next topic after i said continue,I asked the chatbot to continue to the next topic after 5 minutes. It did not do this and took an additional few minutes before it brought up a new conversation
6/5/2025 22:58:47,6128affc7322ddbb3e16dcb3,3,2,1,6,4,1,3,1,1,2,5,4,6,7,6,1,6,5,1,6,5,6,1,6,4,1,1,1,1,1,1,1.57,5.67,5.60,1.43,It was okay - simple and easy to use. It wasn't very fun or engaging though,NA
6/6/2025 0:15:21,63d79fcd741f9cfb2f87152f,0,6,4,2,2,5,5,5,6,3,5,4,3,5,5,2,5,7,1,6,6,6,1,6,5,6,6,6,6,6,7,4.86,4.50,6.20,6.00,"No, I don't have notable experience or feelings on this topic",None
6/6/2025 0:27:44,63d79fcd741f9cfb2f87152f,1,3,2,2,3,5,4,2,3,1,2,4,2,4,3,3,4,7,1,6,7,6,1,6,4,5,5,5,5,4,6,2.86,3.17,6.40,4.86,"No, I don't have notable experiences of feelings in the topic.",None
6/6/2025 1:02:23,63d79fcd741f9cfb2f87152f,3,6,5,1,1,6,6,7,6,3,4,4,3,5,3,3,4,7,1,6,7,6,2,5,5,5,5,5,5,5,6,5.57,3.83,6.20,5.14,I don't have any notable experiences or feelings on the topic,None
6/6/2025 5:50:51,6522a42f39b5bd8f96735aa9,1,7,7,1,1,6,6,6,7,6,7,7,5,7,6,1,6,7,1,6,6,6,1,6,7,5,5,6,6,6,7,6.43,6.33,6.20,6.00,Great experience,
6/6/2025 5:52:59,6522a42f39b5bd8f96735aa9,0,7,7,1,1,6,6,7,7,7,7,6,7,7,7,1,6,7,1,6,6,7,1,6,7,5,5,6,6,7,7,6.71,6.67,6.40,6.14,nice experience,
6/6/2025 6:13:40,6522a42f39b5bd8f96735aa9,1,7,7,1,1,6,6,7,7,7,7,6,6,7,6,1,6,5,2,5,5,6,1,6,6,5,6,6,5,6,5,6.71,6.33,5.40,5.57,,
6/6/2025 7:03:02,6522a42f39b5bd8f96735aa9,3,7,7,1,2,6,5,7,7,5,7,7,7,7,7,1,6,6,2,5,5,6,1,6,7,6,6,7,6,7,6,6.29,6.83,5.60,6.43,Interesting new facts,
6/4/2025 17:37:04,6527fa167b587d5d0588ee51,0,7,6,1,1,6,6,7,7,5,6,5,5,6,5,1,6,6,1,6,7,7,1,6,7,6,6,6,6,6,6,6.29,5.50,6.40,6.14,Easy to use.  Just need to remember to go back to fill in code at the end.,I had never heard of negative aspects of exercise so this was thought provoking and informative for me.
6/4/2025 18:15:00,6527fa167b587d5d0588ee51,1,6,6,1,1,6,6,7,6,5,5,5,6,6,6,1,6,7,1,6,7,7,1,6,4,5,5,4,5,4,5,6.00,5.67,6.60,4.57,System worked well,"Not aware of positives of binge drinking, as such.  (I don't drink alcohol)"
6/4/2025 18:53:30,6527fa167b587d5d0588ee51,3,6,6,1,1,6,6,6,6,5,6,6,6,7,6,1,6,7,1,6,7,7,1,6,7,6,6,6,6,6,6,5.86,6.17,6.60,6.14,Interesting to see a difference point of view.,I have learned a lot.
6/5/2025 22:35:32,65537e14439274fe5036b4d2,0,5,5,2,2,5,5,5,5,5,5,5,5,5,4,2,5,4,2,5,4,4,4,3,4,4,4,5,5,5,5,5.00,4.83,4.00,4.57,I thought the AI made some interesting points and gave me alot to think about.,no
6/5/2025 22:44:10,65537e14439274fe5036b4d2,1,3,3,5,5,2,2,3,3,3,4,4,4,4,4,4,3,4,4,3,2,4,4,3,4,4,4,4,4,4,4,2.71,3.83,3.20,4.00,I felt the article was poorly written and made some claims that dont stack up,no
6/5/2025 23:10:08,65537e14439274fe5036b4d2,3,4,4,5,4,2,3,3,3,3,4,4,5,5,5,2,5,3,3,4,3,4,3,4,3,4,4,4,4,4,4,3.14,4.67,3.60,3.86,It was fine.  Reading and reflecting on it.  Not the best or worst,no
6/4/2025 2:22:07,6658b838fa019e8f175c7bf4,0,6,5,3,2,4,5,6,6,6,5,4,5,5,5,3,4,5,2,5,5,4,3,4,7,6,6,6,6,6,6,5.43,4.67,4.60,6.14,I feel like the system itself is pretty interesting in design.,nothing further.
6/4/2025 2:35:26,6658b838fa019e8f175c7bf4,1,6,6,3,3,4,4,6,6,2,5,3,5,5,5,2,5,4,3,4,4,3,3,4,6,6,6,6,6,6,6,4.86,4.67,3.80,6.00,"I think the system is very sleek, going through each section of a lesson seems easy even for someone who might not be experienced with online learning.",Nothing further.
6/4/2025 3:18:36,6658b838fa019e8f175c7bf4,3,4,4,4,5,3,2,3,4,1,3,3,3,2,3,4,3,5,3,4,5,4,3,4,3,4,4,3,4,5,5,3.00,2.83,4.40,4.00,"I'm not a fan of writing essays myself, I would of liked maybe some extra formatting tools and information before hand about the arguments/essay I had to make.",Nothing further.
6/4/2025 17:52:28,66620b15d94e5cb49f62db0b,0,7,7,1,1,6,6,7,7,7,7,7,7,7,7,1,6,7,1,6,7,7,1,6,7,1,1,7,7,7,7,6.71,6.83,6.60,5.29,it vas very nice,nil
6/4/2025 18:14:49,66620b15d94e5cb49f62db0b,1,7,7,1,1,6,6,7,7,7,7,7,7,7,7,1,6,7,1,6,7,7,1,6,7,7,7,7,7,7,7,6.71,6.83,6.60,7.00,"very lovly ,i did have a notable experince",nil
6/5/2025 22:47:56,669fb915167d6c4b8e71dbfb,0,7,7,2,1,5,6,7,7,7,7,1,7,7,7,1,6,7,1,6,1,7,1,6,7,1,6,7,1,7,7,6.57,5.83,5.40,5.14,,
6/5/2025 22:51:21,669fb915167d6c4b8e71dbfb,1,7,7,1,1,6,6,7,7,7,7,7,7,7,7,1,6,7,1,6,7,7,1,6,7,1,5,7,1,7,7,6.71,6.83,6.60,5.00,,
6/5/2025 23:01:40,669fb915167d6c4b8e71dbfb,1,6,7,1,1,6,6,7,7,7,7,7,7,7,7,1,6,7,1,6,7,7,1,6,7,5,3,7,4,6,7,6.57,6.83,6.60,5.57,,
6/5/2025 23:47:28,669fb915167d6c4b8e71dbfb,3,7,7,1,1,6,6,7,7,7,7,7,7,7,7,1,6,7,1,6,7,7,1,6,7,4,3,7,4,7,7,6.71,6.83,6.60,5.57,,
6/5/2025 21:37:49,66abb1aea71eb1802eac060f,0,5,5,5,3,2,4,6,6,4,5,4,4,6,5,1,6,5,1,6,5,6,1,6,5,6,7,1,6,6,6,4.57,5.00,5.60,5.29,,
6/5/2025 21:44:56,66abb1aea71eb1802eac060f,1,5,5,2,1,5,6,4,5,2,5,1,4,7,4,1,6,5,1,6,7,7,1,6,7,7,7,1,7,7,7,4.57,4.50,6.20,6.14,,
6/5/2025 22:10:01,66abb1aea71eb1802eac060f,3,4,4,4,2,3,5,4,4,2,6,1,5,7,7,1,6,7,1,6,7,7,1,6,7,7,7,7,7,7,7,3.71,5.33,6.60,7.00,,
6/4/2025 2:07:17,66b91ee649636fce844ef133,0,6,5,2,2,5,5,6,6,5,5,5,5,5,5,2,5,7,1,6,7,7,1,6,6,6,6,6,6,6,5,5.43,5.00,6.60,5.86,I enjoyed reading about exercise and it's effects on mental health,None
6/4/2025 2:23:55,66b91ee649636fce844ef133,1,5,5,2,2,5,5,5,4,4,4,4,5,5,4,3,4,7,1,6,7,7,1,6,5,6,6,5,6,5,5,4.71,4.33,6.60,5.43,The system has been easy to use and thinking about binge drinking took me back to my college days,
6/4/2025 3:06:06,66b91ee649636fce844ef133,3,6,6,1,1,6,6,5,5,5,5,5,5,5,5,1,6,7,1,6,7,7,1,6,6,6,6,6,6,6,6,5.57,5.17,6.60,6.00,"The chat was a little finicky.  The timer function did not work appropriately and even after I was finished interacting with the chatbot, it made me wait an additional 10 minutes to move forward even though I did not close out of the page.  The chat took much longer than it should have because of this glitch and it was a bit frustrating.",No.  Overall this was an enjoyable activity.
6/5/2025 21:27:05,66fc401d58e0c0bccac3ad1c,0,7,7,1,1,6,6,7,7,7,7,4,7,7,7,1,6,7,1,6,7,7,1,6,7,7,7,7,7,7,7,6.71,6.33,6.60,7.00,"I thought the system was helpful and easy to use. It made me think more deeply about both sides of the argument on exercise and mental health. I appreciated how it encouraged me to look at evidence critically and reflect on my own experiences. Overall, it was a useful and engaging way to learn.




",No
6/5/2025 21:56:30,66fc401d58e0c0bccac3ad1c,1,3,3,7,1,0,6,3,3,2,4,4,4,5,4,1,6,7,1,6,7,7,1,6,7,7,7,7,7,7,7,2.86,4.50,6.60,7.00,"I thought the system was clear and helped me organize my thoughts step by step. It made me reflect more deeply on the topic and encouraged me to find evidence to support my views. Overall, it felt like a useful way to explore and challenge ideas.




",No
6/5/2025 22:16:53,66fc401d58e0c0bccac3ad1c,3,4,1,7,7,0,0,1,1,1,7,4,1,7,4,1,6,7,1,6,7,7,1,6,4,4,4,4,4,4,1,1.14,4.83,6.60,3.57,This lesson was extremely easy to finish but it was also very boring,No
6/4/2025 2:58:17,671139a20b977d78ec2ac1e0,0,7,7,2,2,5,5,5,5,7,5,6,7,6,6,1,6,7,6,1,5,7,7,0,6,6,7,6,5,7,5,5.86,6.00,4.00,6.00,nothing,no
6/4/2025 3:05:57,671139a20b977d78ec2ac1e0,0,7,6,1,7,6,0,6,6,6,7,6,7,6,4,5,2,7,2,5,6,7,1,6,7,6,6,7,6,5,7,5.29,5.33,6.20,6.29,none,no
6/4/2025 3:15:05,671139a20b977d78ec2ac1e0,1,6,5,6,2,1,5,6,7,6,6,5,6,7,6,7,0,3,6,1,2,6,6,1,4,6,7,7,5,6,7,5.14,5.00,2.60,6.00,none,I did not chat with a chatbot here I clicked on next too quickly and I couldn't go back despite trying to go back.
6/4/2025 3:42:01,671139a20b977d78ec2ac1e0,3,7,7,2,1,5,6,7,7,6,7,1,7,6,5,1,6,6,1,6,6,7,1,6,7,7,7,7,7,7,7,6.43,5.33,6.20,7.00,no,no
6/4/2025 17:54:08,673741d5e8999c8a575d36b1,0,6,6,2,2,5,5,6,6,5,6,4,5,6,5,2,5,6,2,5,6,6,2,5,5,6,6,5,6,5,5,5.57,5.17,5.60,5.43,"The system was easy to use, although i read fast and spent time waiting.",No
6/4/2025 18:46:48,673741d5e8999c8a575d36b1,3,6,6,2,1,5,6,6,6,5,6,5,6,6,6,2,5,6,2,5,6,6,2,5,5,5,5,6,5,5,5,5.71,5.67,5.60,5.14,It was easy and the AI answered very quickly and informatively,No
6/4/2025 17:50:12,674d7a89f564e8bbe0a7af1c,1,6,3,1,1,6,6,7,6,4,7,6,7,7,6,1,6,6,1,6,5,7,1,6,6,5,5,6,6,6,7,5.43,6.50,6.00,5.86,no,no
6/4/2025 18:09:53,674d7a89f564e8bbe0a7af1c,3,7,2,1,1,6,6,7,7,5,7,6,6,7,6,2,5,6,2,5,6,7,2,5,6,6,5,7,6,6,7,5.71,6.17,5.80,6.14,no,no
6/5/2025 21:17:01,67a7cee40b175c5c1991bbb1,1,7,6,1,1,6,6,7,6,4,7,6,7,6,7,1,6,7,1,6,7,7,1,6,7,7,6,6,7,6,7,6.00,6.50,6.60,6.57,The system was clear and easy to use. It presented the information in a thoughtful way and encouraged reflection without pressure.,I enjoyed taking part in this.
6/5/2025 21:47:15,67a7cee40b175c5c1991bbb1,3,7,7,1,1,6,6,7,7,4,7,6,7,7,7,1,6,7,1,6,7,7,1,6,7,7,7,7,7,7,7,6.29,6.67,6.60,7.00,"The system was clear, easy to follow, and encouraged thoughtful reflection. It was helpful to see different perspectives and think critically about real-world issues like environmental protection.",
6/5/2025 21:49:20,67a7cee40b175c5c1991bbb1,3,7,7,1,1,6,6,7,7,4,7,6,7,7,7,1,6,7,1,6,7,7,1,6,7,4,7,7,4,7,5,6.29,6.67,6.60,5.86,"The system was clear, easy to follow, and encouraged thoughtful reflection. It was helpful to see different perspectives and think critically about real-world issues like environmental protection.",
6/5/2025 21:51:27,67a7cee40b175c5c1991bbb1,3,7,7,1,1,6,6,7,7,7,7,6,6,7,7,1,6,7,1,6,7,7,1,6,7,7,7,7,7,7,7,6.71,6.50,6.60,7.00,"The system was clear, easy to follow, and encouraged thoughtful reflection. It was helpful to see different perspectives and think critically about real-world issues like environmental protection.",
6/5/2025 22:09:44,67a7cee40b175c5c1991bbb1,3,7,7,1,1,6,6,7,7,5,7,7,7,7,7,1,6,7,1,6,7,7,1,6,7,7,6,7,7,7,7,6.43,6.83,6.60,6.86,The system was easy to use and made the topic clear and engaging. It helped me think more deeply about dental hygiene and gave useful information to challenge common myths.,
6/5/2025 22:11:29,67a7cee40b175c5c1991bbb1,3,7,7,1,1,6,6,7,7,7,7,6,7,7,7,1,6,7,1,6,7,7,1,6,7,6,6,7,6,7,7,6.71,6.67,6.60,6.57,The system was easy to use and made the topic clear and engaging. It helped me think more deeply about dental hygiene and gave useful information to challenge common myths.,
6/4/2025 2:08:52,67a8dd65c1561d80783d7931,0,5,5,5,1,2,6,5,4,5,5,5,5,5,5,2,5,5,1,6,6,6,1,6,6,6,6,6,6,6,7,4.57,5.00,5.80,6.14,Not that I know of,no
6/4/2025 2:21:14,67a8dd65c1561d80783d7931,0,6,4,2,1,5,6,6,6,4,6,6,6,6,6,1,6,6,2,5,5,5,2,5,6,6,7,7,7,7,7,5.29,6.00,5.20,6.71,"Nothing, everything was perfect",Everything went well
6/4/2025 3:05:33,67a8dd65c1561d80783d7931,0,6,6,6,6,1,1,6,6,7,6,6,6,6,6,1,6,6,1,6,6,6,2,5,6,6,6,6,6,6,6,4.71,6.00,5.80,6.00,No,No
6/4/2025 2:38:12,67a8dd65c1561d80783d7931,1,7,7,3,1,4,6,6,5,5,5,5,5,6,5,1,6,6,1,6,4,6,1,6,6,6,6,6,6,5,6,5.71,5.33,5.60,5.86,None,None
6/4/2025 2:47:21,67a8dd65c1561d80783d7931,3,6,6,1,1,6,6,6,6,6,6,6,6,6,6,1,6,6,1,6,6,7,1,6,7,7,6,7,6,6,6,6.00,6.00,6.20,6.43,No,No
6/4/2025 17:40:20,67d390ad6655208f29df0d42,0,6,6,2,1,5,6,6,6,6,6,3,5,5,4,3,4,5,2,5,6,6,2,5,5,6,5,4,5,5,5,5.86,4.50,5.40,5.00,yes have learned a lot and challenged my perspectives,no
6/4/2025 17:55:29,67d390ad6655208f29df0d42,1,6,6,6,5,1,2,6,6,5,7,6,5,5,6,3,4,6,5,2,5,5,3,4,5,5,5,5,5,5,6,4.57,5.50,4.40,5.14,yes reminded me once I crushed my parent's car after binge drinking,no
6/4/2025 18:37:06,67d390ad6655208f29df0d42,3,6,3,1,2,6,5,5,5,5,3,3,5,3,3,3,4,5,2,5,5,5,5,2,3,5,5,6,5,5,6,5.00,3.50,4.40,5.00,it was good challenging my knowledge,no
6/4/2025 17:38:52,6825b73a1e65510b29430c2b,0,7,7,1,1,6,6,7,7,7,7,7,7,7,7,1,6,7,1,6,7,7,1,6,7,7,7,7,7,7,7,6.71,6.83,6.60,7.00,"Yes, it's simple to navigate, and appealing.",
6/4/2025 17:41:33,6825b73a1e65510b29430c2b,0,7,7,1,1,6,6,7,7,7,7,7,7,7,7,1,6,7,1,6,7,7,1,6,7,7,7,7,7,7,7,6.71,6.83,6.60,7.00,It's very easy to navigate.,
6/4/2025 18:10:04,6825b73a1e65510b29430c2b,1,7,7,1,1,6,6,7,7,7,7,7,7,7,7,1,6,7,1,6,7,7,1,6,7,7,7,7,7,7,7,6.71,6.83,6.60,7.00,It's fun to chat with.,
6/4/2025 18:27:38,6825b73a1e65510b29430c2b,3,7,7,1,1,6,6,7,7,7,7,7,7,7,7,1,6,7,1,6,7,7,1,6,7,7,7,7,7,7,7,6.71,6.83,6.60,7.00,The system is easy to navigate.,
6/4/2025 17:53:00,68290276545487fcb5250cd4,1,6,6,1,1,6,6,7,6,5,6,6,7,7,6,1,6,6,1,6,6,6,1,6,7,7,7,7,7,7,7,6.00,6.33,6.00,7.00,The system itself was simple to use and intuitive. The task of refuting the statements was interesting to me.,I truly value how this study is structured to educate people about health and how to recognize false information.
6/4/2025 18:23:49,68290276545487fcb5250cd4,3,6,5,1,1,6,6,7,6,5,6,6,6,6,6,1,6,5,1,6,5,6,1,6,7,7,7,7,7,7,7,5.86,6.00,5.60,7.00,This portion of the system was simple and primarily consisted of reading. It was intriguing to observe how the text that attempted to refute environmental protection was presented after the data that supported it,"This reading-only format was somewhat less interactive than the chatbot-based previous lesson, but it served the same objective"
6/4/2025 18:34:02,68290276545487fcb5250cd4,3,5,6,1,1,6,6,6,5,4,6,5,6,6,6,1,6,5,1,6,5,6,1,6,7,7,7,7,7,7,7,5.43,5.83,5.60,7.00,"Since there was no active argument phase in this last lesson, it felt a little different. The majority of it was reading and restating my position, despite the text's attempt to imply that brushing every day wasn't always necessary","All things considered, this MindFort experiment has been incredibly interesting and thought-provoking"
6/5/2025 21:24:12,682cd328bd53185cbbb59840,0,6,7,1,1,6,6,6,7,4,6,7,7,7,6,1,6,7,1,6,7,7,1,6,6,7,7,7,7,6,7,6.00,6.50,6.60,6.71,I think it is very informative and useful in creating awareness on the relationship between physical activities and mental health. I enjoyed reading the essays.,
6/5/2025 21:44:26,682cd328bd53185cbbb59840,1,6,6,2,2,5,5,5,6,2,6,7,7,7,6,2,5,7,1,6,7,7,1,6,6,7,7,7,7,6,7,5.00,6.33,6.60,6.71,"No, I enjoyed doing the research on the topic and the information I got was very enlightening",No
6/5/2025 22:10:11,682cd328bd53185cbbb59840,3,7,7,1,1,6,6,6,7,6,7,7,7,7,6,1,6,7,1,6,7,7,1,6,7,7,7,7,7,7,7,6.43,6.67,6.60,7.00,I enjoyed the activity especially chatting with the bot,
6/3/2025 20:51:46,682ce55890f2f8f19e33469a,0,7,7,1,1,6,6,7,6,6,7,7,7,7,7,1,6,7,1,6,7,7,1,6,7,7,7,7,7,7,7,6.43,6.83,6.60,7.00,"It gave me a lot to think about, especially how we often oversimplify the link between exercise and mental well-being",N/A
6/3/2025 21:00:10,682ce55890f2f8f19e33469a,1,7,7,1,1,6,6,7,6,7,7,7,7,7,7,1,6,7,1,6,7,7,1,6,7,7,7,7,7,7,7,6.57,6.83,6.60,7.00,"It presented a pretty compelling case for rethinking how we view occasional binge drinking, it is a perspective you don't hear often, and it made me consider the nuances.",N/A
6/3/2025 21:29:27,682ce55890f2f8f19e33469a,3,7,7,1,1,6,6,7,7,7,7,7,7,7,7,1,6,7,1,6,7,7,1,6,7,7,7,7,7,7,7,6.71,6.83,6.60,7.00,"That lesson was really interesting. It actually made me rethink how I approach dental hygiene, especially the part about brushing after acidic foods and how important saliva is. It feels like a more realistic and less stressful way to think about keeping my teeth healthy.",N/A
6/5/2025 21:27:55,682f47a03095562bd581bd06,1,6,7,2,2,5,5,6,7,6,7,6,6,7,5,1,6,7,6,1,7,6,1,6,6,4,6,7,6,6,6,6.00,6.17,5.40,5.86,It's much great.,No
6/5/2025 22:08:54,682f47a03095562bd581bd06,3,7,7,2,2,5,5,7,6,6,7,6,1,6,7,2,5,7,2,5,7,6,1,6,6,7,6,7,6,7,7,6.14,5.33,6.20,6.57,No,No
6/5/2025 22:18:04,682f83449466b61910a2684d,0,7,7,1,1,6,6,7,7,7,7,5,7,7,7,1,6,7,1,6,7,7,1,6,7,7,7,7,7,7,7,6.71,6.50,6.60,7.00,"The system was engaging, particularly the intricate debate and persona role-playing. It was a unique challenge.",Thank you so much for the opportunity.
6/5/2025 22:33:54,682f83449466b61910a2684d,1,7,7,1,1,6,6,7,7,7,7,6,7,7,7,1,6,7,7,0,7,7,1,6,7,7,7,7,7,7,7,6.71,6.67,5.40,7.00,The debate offered a more dynamic engagement.,The reading task was informative.
6/5/2025 23:02:26,682f83449466b61910a2684d,3,7,7,1,1,6,6,7,7,7,7,6,7,7,7,1,6,7,1,6,7,7,1,6,7,7,7,7,7,7,7,6.71,6.67,6.60,7.00,The system effectively presented contrasting perspectives.,The study had very interesting takeaways. Thank you so much!
6/4/2025 17:36:50,6834c332b2178abf4237097c,0,7,7,1,1,6,6,7,7,6,7,6,7,7,7,1,6,7,1,6,7,7,1,6,7,7,7,7,7,7,7,6.57,6.67,6.60,7.00,A good educative system. It has given me different perspectives compared to the one I had in mind.,Not really. Very important information though on the relation of physical exercise and mental health.
6/4/2025 18:55:24,6834c332b2178abf4237097c,3,7,7,1,1,6,6,7,7,7,7,6,7,7,6,1,6,7,1,6,7,7,1,6,7,7,7,7,7,7,7,6.71,6.50,6.60,7.00,It is a great system with a great experience,Very insightful
6/18/2025 14:56:12,67d339b88129b9e57d6018f6,1,7,7,1,1,6,6,7,7,7,7,7,7,7,7,7,0,7,1,6,7,7,1,6,7,7,7,7,7,7,7,6.71,5.83,6.60,7.00,The feedback was AI generated,
6/18/2025 14:59:57,67d339b88129b9e57d6018f6,1,7,7,1,1,6,6,7,7,7,7,7,7,7,7,1,6,7,1,6,7,7,7,0,7,7,7,7,7,7,7,6.71,6.83,5.40,7.00,None,None
6/18/2025 15:01:50,66d6376eb15526056851d558,0,5,5,2,2,5,5,2,5,4,6,5,7,6,6,1,6,6,1,6,6,7,1,6,6,6,6,6,6,6,6,4.43,6.00,6.20,6.00,"Reading the opposing arguments were interesting, as I had never heard them before. That being said, I still believe exercise has more positive effects than negative on mental health.",
6/18/2025 15:06:21,6827250f5a993078e5866e46,0,7,7,1,1,6,6,7,7,6,7,7,7,7,7,1,6,7,1,6,7,7,1,6,7,7,7,7,7,7,7,6.57,6.83,6.60,7.00,The system is fair in determining one's experience after taking part in an engaging activity.,Not at the moment
6/18/2025 15:08:24,682e4e90fa985e55c92c8c2c,1,7,7,1,1,6,6,7,7,7,7,6,6,6,5,2,5,7,1,6,7,7,1,6,7,7,7,7,7,7,7,6.71,5.83,6.60,7.00,Educative,Thank you
6/18/2025 15:09:29,682669894da614d118d7a68e,0,5,5,4,4,3,3,5,4,5,6,7,5,6,7,1,6,7,2,5,6,5,1,6,4,7,3,6,5,6,7,4.29,6.17,5.80,5.43,I t was an educative session,no
6/18/2025 15:10:35,6830835595aaec2b12d334db,0,7,7,1,1,6,6,7,7,7,7,7,7,7,7,1,6,7,1,6,7,7,1,6,7,7,7,7,7,7,7,6.71,6.83,6.60,7.00,"It was great. Everything went well, looking forward to the next bit.",I received great insights about exercises and mental health.
6/18/2025 15:11:47,682e4e90fa985e55c92c8c2c,1,7,7,1,1,6,6,7,7,7,7,6,7,7,6,1,6,7,1,6,7,7,1,6,7,7,7,7,7,7,7,6.71,6.50,6.60,7.00,Educative,Thank you
6/18/2025 15:18:19,682669894da614d118d7a68e,1,3,6,4,1,3,6,4,5,5,5,7,6,4,6,4,3,7,1,6,6,5,1,6,4,5,3,6,5,6,3,4.57,5.17,6.00,4.57,I enjoyed it,no
6/18/2025 15:23:55,6827250f5a993078e5866e46,1,7,7,1,1,6,6,7,7,5,7,7,7,7,7,1,6,7,1,6,7,7,1,6,7,7,7,7,7,7,7,6.43,6.83,6.60,7.00,I found it interesting reading counter arguments about the issue.,
6/18/2025 15:31:41,672e22142aab65aaeec4135f,0,7,7,3,2,4,5,6,7,6,6,7,6,6,7,2,5,7,2,5,5,6,2,5,7,7,7,7,7,7,7,6.00,6.17,5.60,7.00,its actually helpful,
6/18/2025 15:32:51,66d6376eb15526056851d558,1,3,3,2,2,5,5,4,3,3,4,4,5,4,4,5,2,6,2,5,6,6,2,5,6,7,7,4,7,6,6,3.71,3.83,5.60,6.14,I wasn't expecting to have to write a short essay! There wasn't enough time to do the amount of research I would've liked AND write a rebuttal for each point. I felt really pressed for time but did the best I could given the time constraints.,
6/18/2025 15:35:32,6830835595aaec2b12d334db,1,7,7,1,1,6,6,7,7,7,7,7,7,7,6,1,6,7,1,6,7,7,1,6,7,7,7,7,7,7,7,6.71,6.67,6.60,7.00,Everything went well.,The study was informative.
6/18/2025 15:37:40,67d339b88129b9e57d6018f6,3,7,7,1,1,6,6,7,7,7,7,7,7,7,7,7,0,7,1,6,7,7,7,0,7,7,7,7,7,7,7,6.71,5.83,5.40,7.00,None,No
6/18/2025 15:38:54,682e4e90fa985e55c92c8c2c,3,7,7,1,1,6,6,7,7,6,7,6,7,6,6,1,6,7,1,6,7,7,1,6,7,7,7,7,7,7,7,6.57,6.33,6.60,7.00,Educative,Thank you
6/18/2025 15:39:40,682669894da614d118d7a68e,3,6,5,6,4,1,3,5,6,5,6,5,6,5,6,5,2,6,1,6,7,6,1,6,6,6,3,6,3,4,6,4.43,5.00,6.20,4.86,I enjoyed the session,
6/18/2025 15:41:48,672e22142aab65aaeec4135f,1,6,7,3,2,4,5,6,7,7,6,6,6,7,6,1,6,6,2,5,6,6,1,6,6,7,7,7,6,7,7,6.00,6.17,5.80,6.71,,
6/18/2025 15:47:40,682e4e90fa985e55c92c8c2c,3,7,7,1,1,6,6,7,7,7,7,7,7,7,6,1,6,7,1,6,7,7,1,6,7,7,7,7,7,7,7,6.71,6.67,6.60,7.00,Educative,Thank you
6/18/2025 15:49:45,67d339b88129b9e57d6018f6,3,7,7,1,1,6,6,7,7,7,7,7,7,7,7,1,6,7,1,6,7,7,7,0,7,7,7,7,7,7,7,6.71,6.83,5.40,7.00,None,None
6/18/2025 15:51:36,67e6b4c78b8b457f3bc6a866,0,7,7,1,1,6,6,7,6,7,6,7,7,6,6,1,6,7,1,6,7,7,1,6,7,7,7,7,7,6,7,6.57,6.33,6.60,6.86,i am very positive towards the system i just used and i like the positive vibes i feel from it.,this is really a nice mind-building activity to combat misinformation.
6/18/2025 15:53:02,6838e28aea059b7c0f7e2856,0,7,7,1,1,6,6,7,7,7,7,7,7,7,7,7,0,7,1,6,7,7,1,6,7,7,7,7,7,7,7,6.71,5.83,6.60,7.00,"This exchange is energizing like finishing a great book or a really satisfying debate. This system is built for exactly that: thoughtful back-and-forth, curiosity, respectful challenge.",I enjoyed the study
6/18/2025 15:56:37,67dd4262a42caa45036e811a,1,7,7,1,1,6,6,7,7,5,5,7,7,7,7,1,6,7,1,6,7,7,1,6,7,5,7,7,7,7,7,6.43,6.50,6.60,6.71,I had a smooth experience.,The research was emjoyable.
6/18/2025 16:00:52,66d6376eb15526056851d558,3,7,7,1,1,6,6,7,7,6,5,4,6,6,6,1,6,6,1,6,6,6,1,6,6,6,6,6,6,6,6,6.57,5.50,6.00,6.00,"The AI was fun to chat with! The only thing I didn't like was every time it responded, the page reset so I had to scroll down the full conversation again to read the response. Also, the AI asked me a couple of times to research and find studies, but there really wasn't enough time to do that while chatting. I *was* able to do a couple of quick Google searches though and was surprised about what I learned about saliva!",
6/18/2025 16:04:09,63d7c195a5fb49d5a97bf7d5,0,7,6,1,1,6,6,5,5,4,6,5,6,7,6,1,6,7,1,6,6,6,1,6,6,6,6,6,6,6,6,5.57,6.00,6.20,6.00,"I liked the system, it was easy to understand",No
6/18/2025 16:08:18,67d26cafd23cded4011396a0,0,5,6,3,5,4,2,6,6,6,5,6,5,6,6,3,4,5,3,4,5,6,2,5,6,4,4,6,5,5,5,5.00,5.33,5.00,5.00,"It was easy to use and made me think more deeply. I liked that it encouraged reflection, not just quick answers.",nice
6/18/2025 16:11:35,6830835595aaec2b12d334db,3,7,7,7,1,0,6,7,7,7,7,7,7,7,7,1,6,7,1,6,7,7,1,6,7,7,7,7,7,7,7,5.86,6.83,6.60,7.00,"Great, especially chatting with Forty!",The study was informative.
6/18/2025 16:12:34,6827250f5a993078e5866e46,3,7,7,1,1,6,6,7,7,7,7,7,7,7,7,1,6,7,1,6,7,7,1,6,7,7,7,7,7,7,7,6.71,6.83,6.60,7.00,I liked the freedom to go online and search for more evidence on the topic.,
6/18/2025 16:14:20,6838e28aea059b7c0f7e2856,2,7,7,1,1,6,6,7,7,7,7,7,7,7,7,1,6,7,1,6,7,7,1,6,7,7,7,7,7,7,7,6.71,6.83,6.60,7.00,"is designed to thrive in exactly this kind of exchange: nuanced, well-reasoned, open to challenges, and grounded in real-world evidence. And you brought the spark that made it dynamic.",it was fun
6/18/2025 16:19:19,63d7c195a5fb49d5a97bf7d5,1,6,6,1,1,6,6,5,5,5,6,5,5,6,5,1,6,7,1,6,7,6,1,6,6,6,6,6,6,6,6,5.57,5.50,6.40,6.00,I really liked the system / interface,No
6/18/2025 16:20:28,67d26cafd23cded4011396a0,1,5,5,6,5,1,2,6,5,5,6,5,5,5,6,5,2,5,6,1,5,5,2,5,6,3,4,6,5,4,5,4.14,4.83,4.20,4.71,"It was easy to use and made me think more critically about the topic. I liked how it encouraged reflection, not just a quick answer.",great study
6/18/2025 16:21:50,663abe859bcc3ea8ef9bbdf3,0,7,7,1,1,6,6,1,7,5,7,7,7,7,6,1,6,7,1,6,7,7,1,6,7,7,7,7,7,7,7,5.57,6.67,6.60,7.00,I felt as if the chatbot was very competitive in the debate.,this was a great experience for me.
6/18/2025 16:23:11,672e22142aab65aaeec4135f,3,7,7,2,2,5,5,7,7,7,7,7,6,6,7,1,6,7,2,5,7,7,2,5,7,7,7,7,7,6,7,6.43,6.50,6.20,6.86,,
6/18/2025 16:26:32,6838e28aea059b7c0f7e2856,3,7,7,1,1,6,6,7,7,7,7,7,7,7,7,1,6,7,1,6,7,7,1,6,7,6,6,7,6,7,7,6.71,6.83,6.60,6.57,"this lesson was refreshingly down-to-earth clean, practical, and packed with subtle insights",it was fun
6/18/2025 16:27:49,67e6b4c78b8b457f3bc6a866,1,7,7,1,1,6,6,7,7,7,7,6,7,7,6,1,6,7,1,6,7,7,1,6,7,7,7,7,7,6,7,6.71,6.50,6.60,6.86,i feel positive towards it,it is a good one
6/18/2025 16:33:03,663abe859bcc3ea8ef9bbdf3,1,7,7,1,7,6,0,7,7,5,7,4,7,7,7,1,6,7,1,6,7,7,1,6,5,7,7,7,7,6,7,5.57,6.33,6.60,6.57,i didn't have any chatbot experience,none
6/18/2025 16:35:12,62ebd3cd785939570957fe59,0,7,7,1,1,6,6,7,7,6,7,6,6,6,6,2,5,6,2,5,6,7,2,5,5,6,6,7,6,6,6,6.57,6.00,5.80,6.00,,
6/18/2025 16:41:19,63d7c195a5fb49d5a97bf7d5,3,6,6,1,1,6,6,6,6,5,5,5,6,6,5,1,6,6,1,6,6,6,1,6,6,6,6,6,6,6,6,5.86,5.50,6.00,6.00,I really liked the chat bot. It was understanding and seemed open to viewing other perspectives.,No
6/18/2025 16:41:30,67dd4262a42caa45036e811a,3,7,7,1,1,6,6,7,7,7,7,7,7,7,7,1,6,7,1,6,6,7,1,6,7,7,7,7,7,7,7,6.71,6.83,6.40,7.00,It was efficient and I liked it.,No.
6/18/2025 16:45:38,62ebd3cd785939570957fe59,1,7,7,1,1,6,6,7,7,6,7,6,6,6,6,1,6,7,1,6,7,7,1,6,7,6,6,7,6,7,7,6.57,6.17,6.60,6.57,,
6/18/2025 16:47:33,67dd4262a42caa45036e811a,3,7,7,1,1,6,6,7,7,7,7,7,7,7,7,1,6,7,1,6,7,7,1,6,7,7,7,7,7,7,7,6.71,6.83,6.60,7.00,It was a good one.,No.
6/18/2025 16:54:02,67d26cafd23cded4011396a0,3,5,6,4,4,3,3,6,6,6,6,5,6,6,6,3,4,6,5,2,6,6,3,4,6,3,2,6,4,5,5,5.00,5.50,4.80,4.43,It was easy to use and made me think,Nice
6/18/2025 17:00:01,67e41e22f1276be3fc922e8e,0,7,7,1,1,6,6,7,7,6,6,5,6,6,5,1,6,7,1,6,7,7,1,6,5,4,6,6,5,6,7,6.57,5.67,6.60,5.57,IT was fast and engaging,the exercise was interesting
6/18/2025 17:01:09,66c23cc4a330eb2fec13fc2a,1,5,5,1,1,6,6,6,5,4,5,7,6,6,6,1,6,6,1,6,6,7,1,6,7,7,7,7,7,7,7,5.29,6.00,6.20,7.00,I thought the system was easy to use and clear. Reading both sides about exercise and mental health made me think more critically. It was interesting and helped me see that exercise isn’t always positive for everyone.,no
6/18/2025 17:06:51,663abe859bcc3ea8ef9bbdf3,3,7,7,1,1,6,6,7,7,5,7,6,7,7,7,1,6,7,1,6,7,7,1,6,7,7,7,7,7,7,7,6.43,6.67,6.60,7.00,none,none
6/18/2025 17:13:45,67e41e22f1276be3fc922e8e,1,6,6,1,1,6,6,6,5,4,4,4,5,5,5,1,6,5,4,3,4,5,1,6,4,4,5,5,5,5,7,5.57,4.83,4.60,5.00,It was swift,study was interesting
6/18/2025 17:17:18,67e6b4c78b8b457f3bc6a866,3,7,7,1,1,6,6,7,7,7,7,7,7,7,7,1,6,7,1,6,7,7,1,6,7,7,7,7,7,7,7,6.71,6.83,6.60,7.00,it is a positive system,this went well
6/18/2025 17:22:05,62ebd3cd785939570957fe59,3,7,7,1,1,6,6,7,7,6,7,7,7,7,6,1,6,7,1,6,7,7,1,6,7,7,7,7,7,7,7,6.57,6.67,6.60,7.00,,
6/18/2025 17:24:53,66c23cc4a330eb2fec13fc2a,3,7,7,1,1,6,6,7,7,7,7,7,7,7,7,7,0,7,1,6,7,7,1,6,7,7,7,7,7,7,7,6.71,5.83,6.60,7.00,"reading the texts made me think about different views, even if i didn’t agree with all of them. it was good to see other opinions, and it didn’t feel too hard or confusing.",no
6/18/2025 17:42:15,66c23cc4a330eb2fec13fc2a,3,7,7,1,1,6,6,7,7,7,7,7,7,7,7,7,0,6,1,6,7,6,1,6,7,7,7,7,7,7,7,6.71,5.83,6.20,7.00,"The system was okay. Sometimes felt a bit slow or tricky with the timer. But overall it helped me focus and learn stuff. Didn’t feel stressed, just took my time.",no
6/18/2025 17:51:00,67e41e22f1276be3fc922e8e,3,7,6,1,1,6,6,7,6,7,7,6,7,6,5,1,6,6,1,6,6,6,1,6,7,7,6,7,6,7,7,6.43,6.17,6.00,6.71,I think the system is engaging,study was interesting
6/18/2025 17:57:32,669284eabea5b8c9655927da,0,7,7,1,1,6,6,7,7,6,6,5,5,6,5,1,6,7,1,6,6,7,1,6,7,7,7,6,7,7,7,6.57,5.50,6.40,6.86,"I think this is important, it proves my points while showing me new information. Overall I'm satisfied",Thanks again this was insightful!
6/18/2025 18:18:08,669284eabea5b8c9655927da,1,7,7,1,1,6,6,7,7,5,7,5,7,7,7,1,6,7,1,6,7,7,1,6,7,7,7,7,7,6,7,6.43,6.50,6.60,6.86,I prefer the chatbot it feels more interactive and it encourages me to learn faster. I feel very good during this section.,
6/18/2025 18:40:43,669284eabea5b8c9655927da,3,6,6,1,1,6,6,7,5,6,7,5,7,7,5,1,6,7,1,6,7,7,1,6,7,7,7,7,7,7,7,6.00,6.17,6.60,7.00,"I didn't realize over brushing was detrimental to your gums and also that over brushing was a thing. I'm a little shocked, well you learn something new everyday.",
6/19/2025 15:26:48,60643e9b1b2e851ff9238862,0,5,6,2,2,5,5,5,5,4,5,3,4,5,4,1,6,4,2,5,5,6,4,3,6,7,7,6,6,6,6,5.00,4.50,4.60,6.29,"This was a very straightforward reading exercise where I simply weighed up the evidence in one article and the other, and had to come to a reasoned and balanced judgment.",No other comments at this time.
6/19/2025 15:28:54,664070b4d08d92e1c904a1e8,0,4,4,5,6,2,1,3,3,2,5,5,4,5,4,2,5,4,3,4,5,3,4,3,6,4,4,6,5,4,4,2.71,4.67,3.80,4.71,I thought the scale system was pretty good and easy to use. I did feel some of the questions were a bit repetitive though.,No further comments.
6/19/2025 15:36:57,6123c6bc3055eec90f7dbabb,0,2,2,5,5,2,2,3,2,2,4,4,2,2,2,4,3,3,5,2,3,4,5,2,5,5,5,5,6,5,5,2.14,2.83,2.80,5.14,i had no immediate feelings to report. it was fine.,
6/19/2025 15:38:30,6830a65545c6acade46a1d0a,1,6,6,1,5,6,2,6,6,6,6,6,6,6,6,1,6,6,2,5,5,6,6,1,6,5,4,5,5,6,6,5.43,6.00,4.60,5.29,it was interesting,it was educating
6/19/2025 15:38:33,67edb9ee77a87b53846a8aa8,0,6,7,2,2,5,5,6,6,7,6,6,7,7,7,1,6,6,2,5,5,7,1,6,7,7,7,7,7,7,6,6.00,6.50,5.80,6.86,"The system was straightforward. I think it was easy to move step by step from lesson one onwards. The fact that i was even able yo know more about mental health and exercise has opened my view about it. All along, i have been getting it wrong.",N/A
6/19/2025 15:43:07,6123c6bc3055eec90f7dbabb,1,3,3,5,4,2,3,5,4,2,4,4,5,5,4,2,5,3,3,4,4,4,4,3,5,6,6,6,6,5,5,3.14,4.50,3.60,5.57,not really my experience the same as it was before. just fine.,no
6/19/2025 15:43:17,678f0bb28ec3307e4f1afb78,0,5,5,2,1,5,6,6,6,5,6,5,5,6,6,1,6,6,1,6,6,6,1,6,7,6,6,6,6,6,6,5.43,5.67,6.00,6.14,no,no
6/19/2025 15:45:20,67e6bca1b98c613179d9c73e,0,7,7,1,1,6,6,7,6,7,7,6,7,7,6,7,0,7,1,6,7,7,1,6,7,7,6,7,7,7,6,6.57,5.50,6.60,6.71,I learnt that physical activities are very important for my mental health.,the lesson has been well engaging.
6/19/2025 15:47:38,683cccb8b33df566dc27c902,0,6,5,3,4,4,3,4,4,6,4,5,6,5,5,6,1,6,5,2,6,5,1,6,5,5,5,5,5,6,6,4.57,4.33,5.00,5.29,no,no
6/19/2025 15:48:05,664070b4d08d92e1c904a1e8,1,5,5,3,4,4,3,4,4,2,5,5,6,6,6,4,3,7,2,5,7,6,2,5,6,6,6,6,6,5,5,3.86,5.17,6.00,5.71,It was very interesting to gauge how I felt regarding the lesson. It was easy to use the scales system to do reflect how I felt.,No further comments.
6/19/2025 15:49:03,67eee9e1498801a1f32dc1dd,0,7,7,1,1,6,6,6,6,7,7,7,7,7,7,1,6,6,1,6,7,7,1,6,7,7,7,7,7,7,7,6.43,6.83,6.40,7.00,No,No comments
6/19/2025 15:52:32,67d7598ad9aacf9073ca130d,0,6,7,1,1,6,6,7,6,6,5,4,7,5,5,1,6,7,1,6,6,5,1,6,7,6,6,7,6,7,7,6.29,5.33,6.00,6.57,,
6/19/2025 15:54:40,67edb9ee77a87b53846a8aa8,1,7,7,1,1,6,6,7,7,7,7,7,7,7,7,1,6,7,1,6,7,7,3,4,7,7,7,7,7,7,7,6.71,6.83,6.20,7.00,"I think the system is superb. First, i love how it acknowledges the dangers of binge drinking but later demystify myths that i have held for many years. This system can be exceptional to anyone who is ready for a growth mindset.",N/A
6/19/2025 15:56:04,67d7598ad9aacf9073ca130d,0,7,6,1,1,6,6,7,6,6,5,4,5,5,5,1,6,6,1,6,7,6,1,6,7,6,6,7,6,7,7,6.29,5.00,6.20,6.57,,
6/19/2025 15:59:09,67eee9e1498801a1f32dc1dd,1,6,6,1,1,6,6,7,7,7,7,7,7,7,7,1,6,7,1,6,7,7,1,6,7,7,7,7,7,7,7,6.43,6.83,6.60,7.00,No,None
6/19/2025 16:01:15,67e6bca1b98c613179d9c73e,1,7,7,1,1,6,6,7,7,6,6,7,7,7,7,1,6,7,1,6,7,7,1,6,7,7,7,7,7,7,7,6.57,6.67,6.60,7.00,I learnt the adverse effects of Binge drinking and occasional Binge drinking.,The lesson was very helpful.
6/19/2025 16:02:55,6123c6bc3055eec90f7dbabb,3,3,3,5,4,2,3,2,3,2,4,4,4,5,4,3,4,4,4,3,3,4,4,3,5,6,6,5,6,6,6,2.57,4.17,3.40,5.71,the system was fine and i was able to easily read the passages.,no
6/19/2025 16:03:23,67d7598ad9aacf9073ca130d,1,5,5,2,1,5,6,6,5,4,5,4,5,5,5,1,6,6,1,6,5,4,1,6,6,6,6,6,6,6,6,5.14,5.00,5.40,6.00,,
6/19/2025 16:06:44,60643e9b1b2e851ff9238862,1,4,5,2,2,5,5,4,4,3,5,5,4,5,4,3,4,5,3,4,6,6,2,5,5,7,7,7,5,6,6,4.29,4.50,5.20,6.14,"I was not convinced by the counterarguments presented, as some of these were quite vague and poorly cited. It has not changed my opinion regarding the dangers of even infrequent binge drinking.",No additional comments.
6/19/2025 16:12:11,664070b4d08d92e1c904a1e8,3,6,5,2,1,5,6,5,6,4,5,6,6,6,5,2,5,7,1,6,7,6,2,5,7,6,6,7,6,7,7,5.29,5.50,6.20,6.57,"I liked the system, as it was easy to use. I was able to apply my beliefs and feeling to it with ease and accuracy.",No further comments.
6/19/2025 16:15:56,678f0bb28ec3307e4f1afb78,1,5,5,3,2,4,5,5,5,5,5,5,5,5,5,2,5,6,2,5,6,5,2,5,6,5,5,5,6,6,6,4.86,5.00,5.40,5.57,no,no
6/19/2025 16:16:46,683cccb8b33df566dc27c902,1,4,4,4,1,3,6,4,3,2,2,2,4,5,4,1,6,5,1,6,6,6,6,1,6,5,6,3,5,4,5,3.71,3.83,4.80,4.86,no,
6/19/2025 16:24:42,6830a65545c6acade46a1d0a,3,6,6,6,6,1,1,6,6,6,5,5,5,5,5,2,5,5,5,2,5,5,2,5,5,5,5,5,5,5,5,4.57,5.00,4.40,5.00,educating,interesting
6/19/2025 16:29:57,67eee9e1498801a1f32dc1dd,3,7,7,2,1,5,6,7,2,6,6,4,7,7,7,1,6,7,1,6,7,7,1,6,7,7,7,7,6,6,6,5.71,6.17,6.60,6.57,The system was navigable,No
6/19/2025 16:30:21,671d553e0d035028da7d29a1,0,7,7,3,2,4,5,7,7,5,7,6,6,7,7,1,6,5,1,6,5,7,3,4,7,7,7,7,7,7,7,6.00,6.50,5.40,7.00,It felt very interactive and interesting. Somewhat like gamified learning.,
6/19/2025 16:31:14,678f0bb28ec3307e4f1afb78,3,6,6,2,2,5,5,6,6,6,6,6,6,6,6,2,5,6,2,5,6,6,2,5,6,6,6,6,6,6,6,5.71,5.83,5.60,6.00,no,no
6/19/2025 16:32:41,67cb38c1c0710f1202158007,0,7,7,1,1,6,6,7,7,7,7,7,7,7,7,1,6,7,1,6,7,7,1,6,7,7,7,7,7,7,7,6.71,6.83,6.60,7.00,"The system was clear and easy to use. It got me thinking at a point and critically about the link between exercise and mental health, especially where it questioned popular opinions.","Overall, it was engaging and insightful."
6/19/2025 16:32:42,683cccb8b33df566dc27c902,3,7,6,1,1,6,6,6,7,6,6,6,6,6,5,1,6,6,1,6,6,6,1,6,7,6,4,6,6,4,6,6.29,5.83,6.00,5.57,,
6/19/2025 16:33:41,67d7598ad9aacf9073ca130d,3,7,7,1,1,6,6,7,7,5,6,4,7,6,6,1,6,6,1,6,6,6,1,6,7,7,7,7,6,7,7,6.43,5.83,6.00,6.86,,
6/19/2025 16:34:31,6830a65545c6acade46a1d0a,3,5,6,2,6,5,1,6,6,6,6,6,6,6,6,6,1,6,6,1,2,6,2,5,6,6,6,6,6,6,6,5.00,5.17,4.00,6.00,educating,interesting
6/19/2025 16:36:50,67edb9ee77a87b53846a8aa8,3,7,7,1,1,6,6,7,7,7,6,7,7,7,7,1,6,5,7,0,5,7,1,6,7,7,7,7,7,7,7,6.71,6.67,4.60,7.00,It is good. Easy to use and navigate.,N/A
6/19/2025 16:39:57,67e6bca1b98c613179d9c73e,3,7,7,1,1,6,6,7,7,6,7,7,7,7,7,1,6,7,1,6,7,6,1,6,7,7,7,6,7,7,7,6.57,6.83,6.40,6.86,I learnt and shared idea on how to keep tooth clean and free from dental problems.,the study has been very educative.
6/19/2025 16:41:15,60643e9b1b2e851ff9238862,3,6,6,2,2,5,5,6,6,5,5,5,6,6,7,2,5,5,2,5,5,7,1,6,7,7,7,6,6,7,7,5.57,5.67,5.60,6.71,"I enjoyed interacting with the chatbot, as it challenged me to articulate my views, and to think about why I had these conceptions about dental health. It was much more engaging than the other sections.",Thank you very much for giving me the opportinity to participate!
6/19/2025 16:46:00,6746c680672c3ab45f25efb7,0,6,5,2,1,5,6,6,6,3,5,4,6,6,6,2,5,6,1,6,1,7,6,1,7,7,7,7,7,7,7,5.29,5.33,4.20,7.00,"I liked it a lot. I experienced surprise, I was nearly confident that I was right about exercise helping with mental health so I was really surprised to read that it's not proven to help and might in fact make things worse.",none
6/19/2025 16:47:57,671d553e0d035028da7d29a1,1,7,7,2,1,5,6,6,7,7,6,5,6,7,6,2,5,5,2,5,5,6,3,4,1,7,7,7,5,2,7,6.43,5.83,5.00,5.14,"I enjoyed the essay task, but it was more exhaustive than the previous task. I feel like maybe providing some sort of goals/quests to achieve with the essay would help keep that gamified learning feeling from the previous task. (*Use two sources, *Include one statistic that impacted you)","This is pretty fun so far. If I'm right that this is a gamified learning platform, adding in a point system would be fun."
6/19/2025 16:51:19,67529d0aecb73bfe140d521f,0,6,6,3,2,4,5,5,5,4,5,5,5,5,5,5,2,5,2,5,5,5,5,2,5,5,5,5,6,5,5,5.00,4.50,4.40,5.14,"Well, I think I used a pretty solid system. And it has helped me build some solid conceptions.",You are doing a great job combating misinformation
6/19/2025 16:57:39,6746c680672c3ab45f25efb7,1,6,6,2,1,5,6,6,6,4,6,5,6,7,6,2,5,6,1,6,7,7,1,6,7,7,7,7,7,7,7,5.57,5.83,6.40,7.00,"I enjoyed it. I was surprised to read the argument supporting binge drinking being no big deal for healthy adults. The question asked if binge drinking COULD lead to serious and long term effects and that is true, it can. It doesn't mean it will but it can.",none
6/19/2025 17:04:39,5c5cad3e4ee81200018eafe2,0,7,6,1,1,6,6,7,7,7,5,4,5,6,6,1,6,7,1,6,7,7,1,6,7,7,7,7,7,7,7,6.57,5.33,6.60,7.00,Very smooth with no issues,
6/19/2025 17:08:37,67cb38c1c0710f1202158007,1,7,7,1,1,6,6,7,7,7,7,7,7,7,7,1,6,7,1,6,7,7,1,6,7,7,7,7,7,7,7,6.71,6.83,6.60,7.00,The system was easy to understand and encouraged me to consider both perspectives on binge drinking. It challenged my assumptions and presented thought-provoking arguments that really made me reflect.,I appreciate the engaging and balanced task. A brief summary at the end would help bring all the points together nicely.
6/19/2025 17:10:51,67529d0aecb73bfe140d521f,1,6,6,2,2,5,5,4,5,4,5,4,5,5,5,2,5,5,2,5,5,5,3,4,5,5,5,6,5,5,6,5.00,4.83,4.80,5.29,The system was solid and the transitioning was very seamless,You are doing a great job
6/19/2025 17:11:04,5c5cad3e4ee81200018eafe2,1,6,5,1,6,6,1,6,5,5,5,4,5,6,6,1,6,6,1,6,5,5,1,6,5,7,7,6,7,6,6,4.86,5.33,5.60,6.29,easy to read information and very factual,
6/19/2025 17:12:46,671d553e0d035028da7d29a1,3,7,7,1,1,6,6,7,7,6,6,5,7,7,6,1,6,5,1,6,5,7,2,5,7,7,7,7,7,7,7,6.57,6.17,5.60,7.00,"I really enjoyed chatting with Forty, but I wish there had been more back-and-fourth. After I stated my opinion and found evidence for my claim, Forty immediately moved on to another topic. I think a little more conversation on each topic would have been more helpful and made it much more interesting.","Thank you, this study was very entertaining AND interesting!!"
6/19/2025 17:30:43,67529d0aecb73bfe140d521f,3,6,6,2,2,5,5,6,6,4,6,5,5,4,4,2,5,6,1,6,5,5,2,5,6,6,5,6,6,6,6,5.43,4.83,5.40,5.86,"I think it was a pretty good system, and it was straight and easy to understand and navigate.","I really enjoyed being a part of this study, and I feel it will go a long way in combating misinformation."
6/19/2025 17:35:14,5c5cad3e4ee81200018eafe2,3,7,6,1,1,6,6,7,7,6,6,5,6,6,5,1,6,6,1,6,7,6,1,6,7,7,7,7,7,6,7,6.43,5.67,6.20,6.86,The opposing facts displayed made for an interesting argument but my opinion on the correctness of the initial statement didn't change. When searching I noticed that the opposing argument was one mainly put forward by dentists and dental practices who I consider would have a vested interest in opposing the initial argument due to more people needing their services as a consequence.,
6/19/2025 17:36:01,6746c680672c3ab45f25efb7,3,7,7,1,1,6,6,6,7,5,6,5,7,6,6,1,6,7,7,0,7,7,6,1,7,7,7,7,7,7,7,6.29,6.00,4.40,7.00,"I enjoyed the task, it reaffirmed what I already knew to be true and I learned a few things in the process.",none
6/19/2025 18:16:09,67cb38c1c0710f1202158007,3,7,7,1,1,6,6,7,7,7,7,7,7,7,7,7,0,7,1,6,7,7,1,6,7,7,7,7,7,7,7,6.71,5.83,6.60,7.00,"The system was easy to follow and clear. It helped me think more about dental care, especially balancing brushing with habits like flossing. Very informative.",Thanks for designing an engaging and thoughtful task. A brief summary at the end could help reinforce understanding and link the key points.
6/5/2025 22:38:28,65537e14439274fe5036b4d2,0,5,5,2,2,5,5,5,5,5,4,4,5,5,4,2,5,4,2,5,2,4,4,3,5,5,5,5,5,5,5,5.00,4.50,3.60,5.00,The AI made some interesting points and gave me alot to think about.,no
6/5/2025 21:59:40,5640c3ff074be600115e9e40,4,6,6,3,2,4,5,5,5,3,6,4,6,6,6,2,5,4,2,5,5,6,4,3,5,4,4,4,4,4,4,4.86,5.50,4.60,4.14,"I enjoyed talking to Forty, but it didn't seem to know what it's arguing position was supposed to be.",
6/5/2025 23:06:41,56f52b95298124000a8ef248,4,7,7,1,1,6,6,7,7,7,7,7,7,7,6,1,6,1,1,6,7,7,1,6,7,7,7,7,7,7,7,6.71,6.67,5.40,7.00,it provided adequate information,was a nice research
6/3/2025 21:34:16,5f9ac9de923dca223848cf19,4,6,6,1,1,6,6,6,6,5,6,4,6,6,6,1,6,6,1,6,6,7,2,5,6,6,6,5,6,6,6,5.86,5.67,6.00,5.86,I enjoyed using both systems and found the study very interesting.,"Good study, thank you."
6/5/2025 23:15:15,606721b3686a9cc96b3a93f2,4,6,6,1,1,6,6,6,6,5,6,6,6,6,6,1,6,7,1,6,7,7,1,6,7,6,6,5,6,6,6,5.86,6.00,6.60,6.00,I thought it went really well and I didn't have any issues with either system.,
6/5/2025 21:46:11,61071fd777b179d8bc84ed3f,4,7,7,1,1,6,6,7,7,7,7,7,7,7,7,1,6,7,1,6,7,7,1,6,7,7,7,7,7,7,7,6.71,6.83,6.60,7.00,the system was great overall really enjoyed it,no
6/5/2025 23:02:31,6128affc7322ddbb3e16dcb3,4,5,5,3,2,4,5,5,5,5,6,6,6,7,7,1,6,7,1,6,7,7,7,0,3,3,3,4,4,3,3,4.86,6.33,5.40,3.29,"The chatbot was frustrating because it would not change topics when I asked it to. Also, every time I sent a message, I was forced to the top of the chat and had to scroll down to where I actually was in the discussion which wasted time. Apart from that, it was intuitive and reacted in a way that was engaging",NA
6/3/2025 21:13:17,61656042f505fd7fa53e8628,4,7,7,1,1,6,6,7,7,5,4,5,5,4,4,4,3,4,1,6,7,7,1,6,5,6,6,7,5,5,5,6.43,4.17,6.00,5.57,no,
6/4/2025 18:57:38,6527fa167b587d5d0588ee51,4,7,7,1,1,6,6,7,7,6,6,6,6,7,6,1,6,7,1,6,7,7,1,6,7,7,7,7,7,7,7,6.57,6.17,6.60,7.00,System is easy to use.  Forty was friendly.,I enjoyed doing this and learned a lot from the resources I found.
6/5/2025 23:13:00,65537e14439274fe5036b4d2,4,5,5,2,2,5,5,5,5,5,5,5,5,5,5,5,2,5,2,5,5,5,2,5,5,5,5,5,5,5,5,5.00,4.50,5.00,5.00,The AI chat was the best,no
6/4/2025 3:21:28,6658b838fa019e8f175c7bf4,4,5,5,5,3,2,4,4,4,2,4,2,4,3,3,5,2,5,2,5,5,2,2,5,4,5,5,5,5,4,5,3.71,3.00,4.40,4.71,"I enjoyed the experience, I was hoping I could get more information before going ahead with the tasks but overall It was good.",Nothing further to add.
6/4/2025 18:54:41,66620b15d94e5cb49f62db0b,4,7,7,1,1,6,6,7,7,7,7,7,7,7,7,1,6,7,1,6,7,7,1,6,7,7,7,7,7,7,7,6.71,6.83,6.60,7.00,lovly,nil
6/5/2025 23:50:11,669fb915167d6c4b8e71dbfb,4,7,7,1,1,6,6,7,7,7,7,7,7,7,7,1,6,7,1,6,7,7,1,6,7,4,4,6,4,7,7,6.71,6.83,6.60,5.57,"MindFort’s approach seems to encourage critical thinking by challenging misconceptions, prompting deeper analysis, and guiding users toward evidence-based reasoning.",
6/5/2025 23:54:02,669fb915167d6c4b8e71dbfb,4,7,7,1,1,6,6,7,7,7,7,7,7,7,7,1,6,7,1,6,7,7,1,6,7,7,5,6,4,7,6,6.71,6.83,6.60,6.00,"MindFort’s approach seems to encourage critical thinking by challenging misconceptions, prompting deeper analysis, and guiding users toward evidence-based reasoning.",
6/5/2025 22:13:19,66abb1aea71eb1802eac060f,4,7,7,1,1,6,6,7,7,5,7,7,7,7,7,1,6,7,1,6,7,7,1,6,7,7,7,7,7,7,7,6.43,6.83,6.60,7.00,Its more of a technical issue and could be just my laptop but when the chatbot would respond it would scroll all the way to the top of the conversation which was confusing ,
6/4/2025 3:09:34,66b91ee649636fce844ef133,4,6,6,1,1,6,6,6,6,6,5,5,5,6,5,2,5,7,1,6,7,7,1,6,5,6,6,5,6,5,6,6.00,5.17,6.60,5.57,Overall I enjoyed the activity.  I think the Forty chat was a bit glitchy and more time consuming than it should have been due to the timer resetting every time I submitted a response.,Thank you! I hope to do more of these in the future!
6/5/2025 22:24:25,66fc401d58e0c0bccac3ad1c,4,7,7,1,1,6,6,7,7,7,7,7,7,7,7,1,6,7,1,6,7,7,1,6,7,7,7,7,7,7,7,6.71,6.83,6.60,7.00,"I thought the system with MindFort and Forty the chatbot was clear, engaging, and easy to follow. It made the learning process feel more conversational and less stressful. I liked how it encouraged me to think critically and reflect on common beliefs with evidence. Overall, it was a smooth and helpful experience.




",Thank you for the experience it was very fun.
6/4/2025 3:44:58,671139a20b977d78ec2ac1e0,4,7,7,1,1,6,6,7,7,1,7,4,6,6,5,1,6,7,7,0,6,7,1,6,7,7,7,7,7,7,7,5.86,5.67,5.20,7.00, no,no
6/4/2025 18:50:47,673741d5e8999c8a575d36b1,4,6,6,2,2,5,5,6,6,5,2,5,4,6,6,2,5,6,2,5,6,6,2,5,6,6,6,6,6,6,6,5.57,4.67,5.60,6.00,The chatbot was very knowledgeable and the system was easy to navigate,No
6/4/2025 18:11:54,674d7a89f564e8bbe0a7af1c,4,7,6,1,1,6,6,7,6,5,7,6,6,7,6,2,5,6,2,5,7,6,2,5,6,5,5,6,5,6,6,6.14,6.17,5.80,5.57,no,no
6/5/2025 22:13:44,67a7cee40b175c5c1991bbb1,4,7,7,1,1,6,6,7,7,6,7,6,7,7,7,1,6,7,1,6,7,7,1,6,7,7,7,6,6,7,7,6.57,6.67,6.60,6.71,"I thought the system was easy to use and pretty interesting. Chatting with Forty felt natural and made me think more about the topic. It wasn’t boring or one-sided, and I liked how it helped me see both arguments clearly. Overall, it was a good experience.",
6/4/2025 2:42:15,67a8dd65c1561d80783d7931,4,6,6,5,1,2,6,5,5,5,5,5,5,5,5,2,5,5,1,6,5,5,2,5,6,5,5,5,5,6,5,5.00,5.00,5.20,5.29,They prioritized clear and concise answers and maintain a friendly tone,
6/4/2025 18:41:15,67d390ad6655208f29df0d42,4,6,6,2,2,5,5,6,6,6,6,3,5,5,5,5,2,5,3,4,6,5,5,2,5,5,5,4,5,5,5,5.71,4.33,4.40,4.86,its easier to communicate with,
6/4/2025 18:31:07,6825b73a1e65510b29430c2b,4,7,7,1,1,6,6,7,7,7,7,7,7,7,7,1,6,7,1,6,7,7,1,6,7,7,7,7,7,7,7,6.71,6.83,6.60,7.00,"The system is easy to navigate, it's also appealing to the eyes.",
6/4/2025 18:58:16,68277ee28504bc466e88db4c,4,7,6,1,1,6,6,6,6,5,5,6,7,7,6,1,6,7,1,6,7,7,1,6,7,7,7,7,7,7,7,6.00,6.17,6.60,7.00,I had a very good experience with MindFort and Forty,The experiment was very educating.
6/4/2025 18:39:47,68290276545487fcb5250cd4,4,7,7,1,1,6,6,7,7,6,7,7,7,7,7,1,6,7,1,6,7,7,1,6,7,7,7,7,7,7,7,6.57,6.83,6.60,7.00,"The most interesting and significant aspect of the entire system, in my opinion, was the conversation with Forty the chatbot. It makes even more sense now that I know the objective was to investigate my resistance to persuasion, which is why it felt like a direct challenge.",The entire experiment was truly fascinating and extremely well-designed.
6/5/2025 22:14:07,682cd328bd53185cbbb59840,4,7,7,1,1,6,6,6,7,6,7,7,7,7,6,1,6,7,1,6,7,7,1,6,6,7,7,7,7,6,7,6.43,6.67,6.60,6.71,"I enjoyed interacting with forty, I was able to learn somethings on Dental hygiene that I was not aware of before",
6/3/2025 21:35:47,682ce55890f2f8f19e33469a,4,7,7,1,1,6,6,7,7,7,7,7,7,7,7,1,6,7,1,6,7,7,1,6,7,7,7,7,7,7,7,6.71,6.83,6.60,7.00," I found the system to be a well-designed for  experimental framework. The deliberate presentation of misinformation, followed by the debriefing, provided a unique and effective means to simulate real-world information challenges. From my perspective, the process of generating  responses to counter the provided arguments, even when knowing they were designed to be misleading, was a valuable exercise in reinforcing logical consistency and contextual understanding. The clarity of the debriefing was also crucial for understanding the underlying purpose of the varied information.",N/A
6/5/2025 23:09:00,682f83449466b61910a2684d,4,7,7,1,1,6,6,7,7,7,7,7,7,7,7,1,6,7,1,6,7,7,1,6,7,7,7,7,7,7,7,6.71,6.83,6.60,7.00,The engagement from the chatbot was really effective not only for reinforcing beliefs but also active learning.,"Discussing topics with Forty helped me understand and remember important points, especially when facing wrong ideas. I found it to be engaging and difficult in a good manner. Role-playing made the game more interesting to play. Thank you so much!"
6/4/2025 18:58:22,6834c332b2178abf4237097c,4,7,7,1,1,6,6,7,7,7,7,6,7,7,7,1,6,7,1,6,7,7,1,6,7,7,7,7,7,7,7,6.71,6.67,6.60,7.00,It was a great experience to use Forty and MindFort.,Very insightful pieces of information
6/6/2025 0:15:20,5b53e95f4bbe600001465c18,4,6,6,1,1,6,6,7,6,6,7,6,7,7,7,1,6,7,1,6,7,7,1,6,7,7,7,7,7,5,5,6.14,6.67,6.60,6.43,"I thought the system was easy to use. I liked chatting with Forty, I liked the way they presented an argument without being aggressive or making me feel like I was wrong. I liked how Forty kept encouraging me to find evidence on my own.",Very enjoyable experience! Thank you
6/6/2025 1:06:12,63d79fcd741f9cfb2f87152f,4,6,5,2,1,5,6,7,6,6,5,4,5,5,5,2,5,7,1,6,7,6,1,6,5,5,6,7,5,6,7,5.86,4.83,6.40,5.86,"I think it's important to have such systems especially with so much sources of fake news these days. However, for this system, it would be beneficial if the rankings of referenced websites are available to provide a level of confidence.",
6/6/2025 7:04:08,6522a42f39b5bd8f96735aa9,4,7,7,1,1,6,6,7,7,6,7,7,6,7,7,1,6,6,1,6,6,7,1,6,7,6,5,7,6,7,7,6.57,6.67,6.20,6.43,Convesation with the chatbot was very enjoyable and I had great time.,
6/18/2025 15:42:24,682669894da614d118d7a68e,4,6,5,6,1,1,6,6,2,6,5,7,6,5,6,1,6,7,1,6,7,6,1,6,6,6,4,6,3,6,6,4.57,5.83,6.40,5.29,It is knowledgable,
6/18/2025 15:51:03,682e4e90fa985e55c92c8c2c,4,7,7,1,1,6,6,7,7,7,7,7,7,7,7,1,6,7,1,6,7,7,1,6,7,7,7,7,7,7,7,6.71,6.83,6.60,7.00,"I enjoyed, the lessons were of great value",Thank you
6/18/2025 15:52:53,67d339b88129b9e57d6018f6,4,7,7,1,1,6,6,7,7,7,7,7,7,7,7,7,0,7,7,0,7,7,1,6,7,7,7,7,7,7,7,6.71,5.83,5.40,7.00,None,
6/18/2025 16:05:28,66d6376eb15526056851d558,4,7,7,1,1,6,6,7,7,5,6,5,6,6,6,1,6,6,1,6,6,6,1,6,6,6,6,7,6,6,6,6.43,5.83,6.00,6.14,"Please see my previous comments about the AI chatbot. I thought MindFort was intuitive to use...the only issue being after Lesson 1, I had some confusion thinking the code was to be entered on the Google screen, but then I figured out it was to be input on the bottom of the same MindFort screen! ",
6/18/2025 16:16:05,6830835595aaec2b12d334db,4,7,7,1,1,6,6,7,7,7,7,7,7,7,7,1,6,7,1,6,7,7,1,6,7,7,7,7,7,7,7,6.71,6.83,6.60,7.00,The system was great. I encountered no problems. I enjoyed chatting with Forty.,It was an informative study.
6/18/2025 16:19:56,6827250f5a993078e5866e46,4,7,7,1,1,6,6,7,7,7,7,7,7,7,7,1,6,7,1,6,7,7,1,6,7,7,7,7,7,7,7,6.71,6.83,6.60,7.00,This system was quite interesting to work with. It challenge my understanding of different concepts.,
6/18/2025 16:25:48,672e22142aab65aaeec4135f,4,6,7,2,1,5,6,6,7,6,7,7,6,7,7,1,6,7,2,5,6,7,1,6,7,7,7,7,7,7,7,6.14,6.67,6.20,7.00,well it was interactive and i felt important,
6/18/2025 16:31:03,6838e28aea059b7c0f7e2856,4,7,7,1,1,6,6,7,7,7,7,7,7,7,7,7,0,7,1,6,7,7,1,6,7,6,7,7,7,7,7,6.71,5.83,6.60,6.86,It’s been a fascinating ride engaging with MindFort and the character of Forty especially in the way the system encourages critical thinking through structured dialogue and opposition,
6/18/2025 16:44:41,63d7c195a5fb49d5a97bf7d5,4,6,6,6,1,1,6,6,6,5,5,5,6,6,5,1,6,5,1,6,6,6,1,6,6,6,6,6,6,6,6,5.14,5.50,5.80,6.00,"MindFort was easy to use and felt like it Gamified the study which made it more interesting and I wanted to continue and move onto the next stage. Forty was also fun to talk to, the only thing is I felt like it wanted to end the conversation sooner than I would have liked. It also encouraged me to do the research myself on my computer rather than telling me the information itself.",Thanks for an enjoyable study
6/18/2025 16:49:52,67dd4262a42caa45036e811a,4,7,7,1,1,6,6,7,7,5,7,7,7,7,7,1,6,7,1,6,6,7,1,6,6,7,7,7,7,7,7,6.43,6.83,6.40,6.86,I liked them all. They were easy to use.,NIL
6/18/2025 16:56:31,67d26cafd23cded4011396a0,4,6,6,5,4,2,3,6,6,5,6,6,5,5,6,4,3,6,5,2,5,6,6,1,6,6,5,6,6,5,6,4.86,5.17,4.00,5.71,"Very great, i love it",
6/18/2025 17:13:11,663abe859bcc3ea8ef9bbdf3,4,7,7,1,1,6,6,7,7,7,7,6,7,7,6,1,6,7,1,6,7,7,1,6,7,7,7,7,7,7,7,6.71,6.50,6.60,7.00,The entire experience was great. I'd learned a lot about how misinformation could present itself as facts.,
6/18/2025 17:23:37,67e6b4c78b8b457f3bc6a866,4,7,7,1,1,6,6,7,7,7,7,7,7,7,7,1,6,7,1,6,7,7,1,6,7,7,7,7,7,7,7,6.71,6.83,6.60,7.00,i felt positive towards the system i just used,the study went well
6/18/2025 17:24:20,62ebd3cd785939570957fe59,4,7,7,1,1,6,6,7,7,6,7,7,7,7,6,1,6,7,1,6,7,7,1,6,7,7,7,7,7,7,7,6.57,6.67,6.60,7.00,This was a good way of educating myself,
6/18/2025 17:47:32,66c23cc4a330eb2fec13fc2a,4,7,7,2,2,5,5,6,6,7,6,5,6,6,6,1,6,6,1,6,6,6,1,6,7,7,6,7,6,6,7,6.14,5.83,6.00,6.57,"MindFort was kinda helpful, made me think more about stuff. Forty was cool, easy to talk with, and had good info. Sometimes felt a bit robotic but still okay. No big feelings, just normal.",no
6/18/2025 17:53:32,67e41e22f1276be3fc922e8e,4,7,7,1,1,6,6,7,6,7,6,6,7,7,7,1,6,7,1,6,7,7,1,6,6,6,6,7,6,7,7,6.57,6.50,6.60,6.43,The system is effective and efficient,The study was interesting
6/18/2025 18:45:57,669284eabea5b8c9655927da,4,7,7,1,1,6,6,7,7,7,7,4,7,7,5,1,6,7,1,6,7,7,1,6,7,7,7,7,7,7,7,6.71,6.00,6.60,7.00,I liked the chatbox the most it felt the most interactive and I learned the most from it. I think teaching through chatbox truly is the future in my opinion.,Thank you so so much I learned quite a lot. It's an honor to be apart pf this study. Have a great rest of your day!
6/19/2025 16:06:18,6123c6bc3055eec90f7dbabb,4,2,2,3,4,4,3,4,3,3,4,4,4,4,4,3,4,4,4,3,3,4,4,3,5,6,6,7,6,6,6,3.00,4.00,3.40,6.00,The chatbot seemed unnatural and was a bit awkward to use.,
6/19/2025 16:18:01,664070b4d08d92e1c904a1e8,4,6,5,2,2,5,5,5,6,4,5,6,7,6,6,2,5,6,6,1,6,5,2,5,5,6,6,5,6,6,6,5.14,5.83,4.60,5.71,I thought it was easy and quite fun to use. I learned a lot thanks to the way it was designed (Mindfort and Forty the chatbox). The fonts were aesthetically appealing and made me engaged more than other surveys.,
6/19/2025 16:33:58,678f0bb28ec3307e4f1afb78,4,6,6,2,2,5,5,6,6,5,6,6,6,6,6,2,5,6,2,5,6,6,2,5,6,6,6,6,6,6,6,5.57,5.83,5.60,6.00,no,no
6/19/2025 16:34:49,67eee9e1498801a1f32dc1dd,4,6,6,1,1,6,6,6,6,5,6,6,6,6,6,1,6,7,1,6,7,6,1,6,7,6,7,6,6,6,7,5.86,6.00,6.40,6.43,The system was easy to navigate,
6/19/2025 16:36:40,683cccb8b33df566dc27c902,4,6,6,6,1,1,6,6,6,6,7,6,5,5,6,1,6,6,1,6,6,6,1,6,6,7,6,6,5,5,6,5.29,5.83,6.00,5.86,Forty was knowledgeble,
6/19/2025 16:38:22,6830a65545c6acade46a1d0a,4,6,6,1,2,6,5,6,6,7,6,6,6,6,6,1,6,6,4,3,5,6,6,1,6,6,6,6,6,6,6,6.00,6.00,4.20,6.00,it was educating,interesting
6/19/2025 16:39:03,67d7598ad9aacf9073ca130d,4,6,6,1,1,6,6,7,6,6,6,4,6,6,6,1,6,6,1,6,6,6,1,6,7,7,6,7,7,7,7,6.14,5.67,6.00,6.86,Pretty straightforward system...easy to use. The AI chatbot was very interactive ,
6/19/2025 16:41:15,67edb9ee77a87b53846a8aa8,4,7,7,1,1,6,6,7,7,7,7,7,7,7,7,1,6,7,1,6,7,7,1,6,7,7,7,7,7,7,7,6.71,6.83,6.60,7.00,I liked both. Forty had good suggestions about the topic and directed me where to search for information. MindFort is seamless. I'd be happy to learn more about it.,N/A
6/19/2025 16:44:16,60643e9b1b2e851ff9238862,4,5,6,2,2,5,5,5,6,6,5,5,6,6,7,1,6,5,2,5,5,7,6,1,6,7,7,6,7,6,7,5.43,5.83,4.60,6.57,"I felt that the chatbot was providing misinformation, and then the following article cited some unreliable sources (and perhaps overstated the points).",Thank you very much!
6/19/2025 16:44:48,67e6bca1b98c613179d9c73e,4,7,7,1,1,6,6,7,7,7,7,7,7,7,7,7,0,7,1,6,7,7,1,6,7,7,7,7,7,7,7,6.71,5.83,6.60,7.00,I experienced the beauty of learning in the four lessons presented as well as sharing my ideas on what I think about each topic.,the experiment is educative and engaging.
6/19/2025 17:18:02,671d553e0d035028da7d29a1,4,7,7,1,1,6,6,7,7,7,7,7,7,7,7,1,6,6,1,6,6,7,2,5,7,7,7,7,7,7,7,6.71,6.83,6.00,7.00,"I just want to say that I really enjoyed this study! The experiment was set up in such a way that it really held my attention and was entertaining. I found myself looking forward to the next tasks. Now that I've read the debrief, I feel a little relieved that I wasn't wrong, but on #3 and #4 I did lose a little confidence in my belief when presented with opposing information. ",Thank you again! 
6/19/2025 17:33:50,67529d0aecb73bfe140d521f,4,6,6,2,2,5,5,5,5,4,6,5,5,4,5,2,5,5,2,5,4,5,2,5,5,5,5,5,5,5,5,5.14,5.00,4.80,5.00,"It was solid, easy to navigate and enlightening.",This experiment was very enjoyably and enlightning.
6/19/2025 17:38:58,5c5cad3e4ee81200018eafe2,4,7,6,1,1,6,6,7,7,7,6,5,7,7,6,1,6,7,1,6,7,7,1,6,7,7,7,7,7,7,7,6.57,6.17,6.60,7.00,A very good system that was easy to use. Everything was well laid out and the instructions were clear. I enjoyed the chat with Forty very much.,"This was a very interesting and enjoyable study to do, thank you for the opportunity to take part."
6/19/2025 17:39:24,6746c680672c3ab45f25efb7,4,7,7,1,1,6,6,7,7,5,7,7,7,7,7,1,6,7,1,6,7,7,7,0,7,7,7,7,7,7,7,6.43,6.83,5.40,7.00,"I loved it, I think a lot of people can benefit from using a system like this because it will force them to either prove their own ideas or debunk themselves. ","this was fun, would love to see one of these for political issues. "
6/19/2025 18:22:19,67cb38c1c0710f1202158007,4,7,7,1,1,6,6,7,7,7,7,7,7,7,7,1,6,7,1,6,7,7,1,6,7,7,7,7,7,7,7,6.71,6.83,6.60,7.00,"The system was simple to use and intuitive, in my opinion. Forty, the chatbot, was interesting and helpful; it made me think more deeply than I had anticipated.",It went well and I enjoyed it!
6/5/2025 22:14:58,682f47a03095562bd581bd06,4,6,7,2,1,5,6,7,6,6,7,6,6,7,6,2,5,6,1,6,7,6,2,5,6,6,6,7,6,6,6,6.14,6.17,6.00,6.14,No,
